Timestamp,Alert_ID,Severity,MITRE,Description,Status,Assigned_To
2026-07-03 16:07:00,AL0001,Medium,,Routine Security Event,Closed,SOC_ANALYST
2026-07-03 06:50:00,AL0002,Medium,,Routine Security Event,Closed,SOC_ANALYST
2026-07-03 19:42:00,AL0003,Medium,,Routine Security Event,Closed,SOC_ANALYST
2026-07-03 10:15:00,AL0004,Low,,Routine Security Event,Closed,SOC_ANALYST
2026-07-03 20:27:00,AL0005,Medium,,Routine Security Event,Closed,SOC_ANALYST
2026-07-03 03:40:00,AL0006,Low,,Routine Security Event,Closed,SOC_ANALYST
2026-07-03 13:52:00,AL0007,Medium,,Routine Security Event,Closed,SOC_ANALYST
2026-07-03 18:09:00,AL0008,High,,Routine Security Event,Closed,SOC_ANALYST
2026-07-03 15:48:00,AL0009,Medium,,Routine Security Event,Closed,SOC_ANALYST
2026-07-03 14:08:00,AL0010,Low,,Routine Security Event,Closed,SOC_ANALYST
2026-07-03 04:20:00,AL0011,Low,,Routine Security Event,Closed,SOC_ANALYST
2026-07-03 06:24:00,AL0012,High,,Routine Security Event,Closed,SOC_ANALYST
2026-07-03 21:04:00,AL0013,Medium,,Routine Security Event,Closed,SOC_ANALYST
2026-07-03 18:58:00,AL0014,High,,Routine Security Event,Closed,SOC_ANALYST
2026-07-03 10:50:00,AL0015,Low,,Routine Security Event,Closed,SOC_ANALYST
2026-07-03 21:07:00,AL0016,Low,,Routine Security Event,Closed,SOC_ANALYST
2026-07-03 06:22:00,AL0017,Low,,Routine Security Event,Closed,SOC_ANALYST
2026-07-03 09:32:00,AL0018,Low,,Routine Security Event,Closed,SOC_ANALYST
2026-07-03 14:09:00,AL0019,High,,Routine Security Event,Closed,SOC_ANALYST
2026-07-03 11:48:00,AL0020,Low,,Routine Security Event,Closed,SOC_ANALYST
2026-07-03 20:34:00,AL0021,Low,,Routine Security Event,Closed,SOC_ANALYST
2026-07-03 16:35:00,AL0022,High,,Routine Security Event,Closed,SOC_ANALYST
2026-07-03 19:16:00,AL0023,Low,,Routine Security Event,Closed,SOC_ANALYST
2026-07-03 15:16:00,AL0024,Medium,,Routine Security Event,Closed,SOC_ANALYST
2026-07-03 22:58:00,AL0025,High,,Routine Security Event,Closed,SOC_ANALYST
2026-07-03 20:23:00,AL0026,High,,Routine Security Event,Closed,SOC_ANALYST
2026-07-03 07:47:00,AL0027,Medium,,Routine Security Event,Closed,SOC_ANALYST
2026-07-03 08:32:00,AL0028,High,,Routine Security Event,Closed,SOC_ANALYST
2026-07-03 18:40:00,AL0029,Medium,,Routine Security Event,Closed,SOC_ANALYST
2026-07-03 02:57:00,AL0030,High,,Routine Security Event,Closed,SOC_ANALYST
2026-07-03 05:50:00,AL0031,Low,,Routine Security Event,Closed,SOC_ANALYST
2026-07-03 05:49:00,AL0032,Low,,Routine Security Event,Closed,SOC_ANALYST
2026-07-03 18:43:00,AL0033,High,,Routine Security Event,Closed,SOC_ANALYST
2026-07-03 14:33:00,AL0034,High,,Routine Security Event,Closed,SOC_ANALYST
2026-07-03 15:25:00,AL0035,High,,Routine Security Event,Closed,SOC_ANALYST
2026-07-03 20:37:00,AL0036,Medium,,Routine Security Event,Closed,SOC_ANALYST
2026-07-03 04:48:00,AL0037,High,,Routine Security Event,Closed,SOC_ANALYST
2026-07-03 07:50:00,AL0038,High,,Routine Security Event,Closed,SOC_ANALYST
2026-07-03 20:11:00,AL0039,Medium,,Routine Security Event,Closed,SOC_ANALYST
2026-07-03 01:39:00,AL0040,Medium,,Routine Security Event,Closed,SOC_ANALYST
2026-07-03 05:26:00,AL0041,Low,,Routine Security Event,Closed,SOC_ANALYST
2026-07-03 21:10:00,AL0042,Low,,Routine Security Event,Closed,SOC_ANALYST
2026-07-03 14:56:00,AL0043,High,,Routine Security Event,Closed,SOC_ANALYST
2026-07-03 05:52:00,AL0044,Low,,Routine Security Event,Closed,SOC_ANALYST
2026-07-03 12:10:00,AL0045,Low,,Routine Security Event,Closed,SOC_ANALYST
2026-07-03 03:19:00,AL0046,Medium,,Routine Security Event,Closed,SOC_ANALYST
2026-07-03 13:38:00,AL0047,Medium,,Routine Security Event,Closed,SOC_ANALYST
2026-07-03 20:28:00,AL0048,Low,,Routine Security Event,Closed,SOC_ANALYST
2026-07-03 01:45:00,AL0049,Medium,,Routine Security Event,Closed,SOC_ANALYST
2026-07-03 07:14:00,AL0050,Low,,Routine Security Event,Closed,SOC_ANALYST
2026-07-03 14:49:00,AL0051,Low,,Routine Security Event,Closed,SOC_ANALYST
2026-07-03 20:24:00,AL0052,High,,Routine Security Event,Closed,SOC_ANALYST
2026-07-03 06:09:00,AL0053,Medium,,Routine Security Event,Closed,SOC_ANALYST
2026-07-03 08:30:00,AL0054,Medium,,Routine Security Event,Closed,SOC_ANALYST
2026-07-03 01:23:00,AL0055,Medium,,Routine Security Event,Closed,SOC_ANALYST
2026-07-03 11:31:00,AL0056,Low,,Routine Security Event,Closed,SOC_ANALYST
2026-07-03 11:49:00,AL0057,High,,Routine Security Event,Closed,SOC_ANALYST
2026-07-03 14:35:00,AL0058,High,,Routine Security Event,Closed,SOC_ANALYST
2026-07-03 00:33:00,AL0059,Low,,Routine Security Event,Closed,SOC_ANALYST
2026-07-03 02:15:00,AL0060,High,,Routine Security Event,Closed,SOC_ANALYST
2026-07-03 20:38:00,AL0061,Medium,,Routine Security Event,Closed,SOC_ANALYST
2026-07-03 22:46:00,AL0062,Medium,,Routine Security Event,Closed,SOC_ANALYST
2026-07-03 00:32:00,AL0063,High,,Routine Security Event,Closed,SOC_ANALYST
2026-07-03 15:19:00,AL0064,Medium,,Routine Security Event,Closed,SOC_ANALYST
2026-07-03 14:46:00,AL0065,High,,Routine Security Event,Closed,SOC_ANALYST
2026-07-03 17:41:00,AL0066,Medium,,Routine Security Event,Closed,SOC_ANALYST
2026-07-03 18:49:00,AL0067,High,,Routine Security Event,Closed,SOC_ANALYST
2026-07-03 12:50:00,AL0068,Medium,,Routine Security Event,Closed,SOC_ANALYST
2026-07-03 22:27:00,AL0069,Low,,Routine Security Event,Closed,SOC_ANALYST
2026-07-03 11:25:00,AL0070,Medium,,Routine Security Event,Closed,SOC_ANALYST
2026-07-03 17:40:00,AL0071,High,,Routine Security Event,Closed,SOC_ANALYST
2026-07-03 19:38:00,AL0072,High,,Routine Security Event,Closed,SOC_ANALYST
2026-07-03 09:27:00,AL0073,Medium,,Routine Security Event,Closed,SOC_ANALYST
2026-07-03 14:20:00,AL0074,Medium,,Routine Security Event,Closed,SOC_ANALYST
2026-07-03 12:14:00,AL0075,Low,,Routine Security Event,Closed,SOC_ANALYST
2026-07-03 06:37:00,AL0076,Medium,,Routine Security Event,Closed,SOC_ANALYST
2026-07-03 17:56:00,AL0077,High,,Routine Security Event,Closed,SOC_ANALYST
2026-07-03 03:50:00,AL0078,Medium,,Routine Security Event,Closed,SOC_ANALYST
2026-07-03 17:44:00,AL0079,Medium,,Routine Security Event,Closed,SOC_ANALYST
2026-07-03 09:32:00,AL0080,Low,,Routine Security Event,Closed,SOC_ANALYST
2026-07-03 11:18:00,AL0081,High,,Routine Security Event,Closed,SOC_ANALYST
2026-07-03 14:28:00,AL0082,Low,,Routine Security Event,Closed,SOC_ANALYST
2026-07-03 02:31:00,AL0083,Low,,Routine Security Event,Closed,SOC_ANALYST
2026-07-03 23:56:00,AL0084,Low,,Routine Security Event,Closed,SOC_ANALYST
2026-07-03 08:05:00,AL0085,High,,Routine Security Event,Closed,SOC_ANALYST
2026-07-03 07:35:00,AL0086,Medium,,Routine Security Event,Closed,SOC_ANALYST
2026-07-03 17:43:00,AL0087,Medium,,Routine Security Event,Closed,SOC_ANALYST
2026-07-03 12:00:00,AL0088,High,,Routine Security Event,Closed,SOC_ANALYST
2026-07-03 09:42:00,AL0089,High,,Routine Security Event,Closed,SOC_ANALYST
2026-07-03 21:45:00,AL0090,High,,Routine Security Event,Closed,SOC_ANALYST
2026-07-03 14:13:00,AL0091,Medium,,Routine Security Event,Closed,SOC_ANALYST
2026-07-03 04:32:00,AL0092,Low,,Routine Security Event,Closed,SOC_ANALYST
2026-07-03 00:00:00,AL0093,Low,,Routine Security Event,Closed,SOC_ANALYST
2026-07-03 18:23:00,AL0094,High,,Routine Security Event,Closed,SOC_ANALYST
2026-07-03 09:16:00,AL0095,High,,Routine Security Event,Closed,SOC_ANALYST
2026-07-03 22:18:00,AL0096,Low,,Routine Security Event,Closed,SOC_ANALYST
2026-07-03 14:09:00,AL0097,Low,,Routine Security Event,Closed,SOC_ANALYST
2026-07-03 06:24:00,AL0098,Medium,,Routine Security Event,Closed,SOC_ANALYST
2026-07-03 18:55:00,AL0099,Medium,,Routine Security Event,Closed,SOC_ANALYST
2026-07-03 07:56:00,AL0100,Medium,,Routine Security Event,Closed,SOC_ANALYST
2026-07-03 11:21:00,AL0101,Low,,Routine Security Event,Closed,SOC_ANALYST
2026-07-03 04:33:00,AL0102,High,,Routine Security Event,Closed,SOC_ANALYST
2026-07-03 15:56:00,AL0103,High,,Routine Security Event,Closed,SOC_ANALYST
2026-07-03 01:31:00,AL0104,High,,Routine Security Event,Closed,SOC_ANALYST
2026-07-03 03:39:00,AL0105,High,,Routine Security Event,Closed,SOC_ANALYST
2026-07-03 11:06:00,AL0106,Medium,,Routine Security Event,Closed,SOC_ANALYST
2026-07-03 08:25:00,AL0107,Medium,,Routine Security Event,Closed,SOC_ANALYST
2026-07-03 19:10:00,AL0108,Medium,,Routine Security Event,Closed,SOC_ANALYST
2026-07-03 03:58:00,AL0109,Low,,Routine Security Event,Closed,SOC_ANALYST
2026-07-03 13:54:00,AL0110,High,,Routine Security Event,Closed,SOC_ANALYST
2026-07-03 21:09:00,AL0111,Medium,,Routine Security Event,Closed,SOC_ANALYST
2026-07-03 02:06:00,AL0112,High,,Routine Security Event,Closed,SOC_ANALYST
2026-07-03 05:07:00,AL0113,Low,,Routine Security Event,Closed,SOC_ANALYST
2026-07-03 17:23:00,AL0114,Low,,Routine Security Event,Closed,SOC_ANALYST
2026-07-03 06:51:00,AL0115,High,,Routine Security Event,Closed,SOC_ANALYST
2026-07-03 21:10:00,AL0116,High,,Routine Security Event,Closed,SOC_ANALYST
2026-07-03 07:51:00,AL0117,Medium,,Routine Security Event,Closed,SOC_ANALYST
2026-07-03 09:46:00,AL0118,High,,Routine Security Event,Closed,SOC_ANALYST
2026-07-03 11:21:00,AL0119,Low,,Routine Security Event,Closed,SOC_ANALYST
2026-07-03 17:08:00,AL0120,High,,Routine Security Event,Closed,SOC_ANALYST
2026-07-03 13:37:00,AL0121,Low,,Routine Security Event,Closed,SOC_ANALYST
2026-07-03 18:26:00,AL0122,High,,Routine Security Event,Closed,SOC_ANALYST
2026-07-03 14:32:00,AL0123,High,,Routine Security Event,Closed,SOC_ANALYST
2026-07-03 17:50:00,AL0124,High,,Routine Security Event,Closed,SOC_ANALYST
2026-07-03 12:11:00,AL0125,Medium,,Routine Security Event,Closed,SOC_ANALYST
2026-07-03 22:28:00,AL0126,High,,Routine Security Event,Closed,SOC_ANALYST
2026-07-03 05:04:00,AL0127,High,,Routine Security Event,Closed,SOC_ANALYST
2026-07-03 20:21:00,AL0128,High,,Routine Security Event,Closed,SOC_ANALYST
2026-07-03 22:00:00,AL0129,Low,,Routine Security Event,Closed,SOC_ANALYST
2026-07-03 10:01:00,AL0130,Medium,,Routine Security Event,Closed,SOC_ANALYST
2026-07-03 22:15:00,AL0131,Low,,Routine Security Event,Closed,SOC_ANALYST
2026-07-03 18:34:00,AL0132,High,,Routine Security Event,Closed,SOC_ANALYST
2026-07-03 18:28:00,AL0133,High,,Routine Security Event,Closed,SOC_ANALYST
2026-07-03 01:24:00,AL0134,Low,,Routine Security Event,Closed,SOC_ANALYST
2026-07-03 14:25:00,AL0135,Low,,Routine Security Event,Closed,SOC_ANALYST
2026-07-03 18:09:00,AL0136,Medium,,Routine Security Event,Closed,SOC_ANALYST
2026-07-03 02:37:00,AL0137,Medium,,Routine Security Event,Closed,SOC_ANALYST
2026-07-03 23:03:00,AL0138,Low,,Routine Security Event,Closed,SOC_ANALYST
2026-07-03 11:10:00,AL0139,Medium,,Routine Security Event,Closed,SOC_ANALYST
2026-07-03 10:34:00,AL0140,Medium,,Routine Security Event,Closed,SOC_ANALYST
2026-07-03 04:15:00,AL0141,Medium,,Routine Security Event,Closed,SOC_ANALYST
2026-07-03 08:21:00,AL0142,High,,Routine Security Event,Closed,SOC_ANALYST
2026-07-03 07:03:00,AL0143,Medium,,Routine Security Event,Closed,SOC_ANALYST
2026-07-03 02:15:00,AL0144,Medium,,Routine Security Event,Closed,SOC_ANALYST
2026-07-03 17:36:00,AL0145,Medium,,Routine Security Event,Closed,SOC_ANALYST
2026-07-03 14:34:00,AL0146,Medium,,Routine Security Event,Closed,SOC_ANALYST
2026-07-03 03:10:00,AL0147,Medium,,Routine Security Event,Closed,SOC_ANALYST
2026-07-03 08:34:00,AL0148,Medium,,Routine Security Event,Closed,SOC_ANALYST
2026-07-03 01:13:00,AL0149,Medium,,Routine Security Event,Closed,SOC_ANALYST
2026-07-03 17:13:00,AL0150,Medium,,Routine Security Event,Closed,SOC_ANALYST
2026-07-03 16:35:00,AL0151,Low,,Routine Security Event,Closed,SOC_ANALYST
2026-07-03 00:01:00,AL0152,High,,Routine Security Event,Closed,SOC_ANALYST
2026-07-03 15:38:00,AL0153,Low,,Routine Security Event,Closed,SOC_ANALYST
2026-07-03 08:21:00,AL0154,High,,Routine Security Event,Closed,SOC_ANALYST
2026-07-03 03:59:00,AL0155,Medium,,Routine Security Event,Closed,SOC_ANALYST
2026-07-03 02:17:00,AL0156,Low,,Routine Security Event,Closed,SOC_ANALYST
2026-07-03 19:53:00,AL0157,Medium,,Routine Security Event,Closed,SOC_ANALYST
2026-07-03 19:34:00,AL0158,Medium,,Routine Security Event,Closed,SOC_ANALYST
2026-07-03 20:56:00,AL0159,High,,Routine Security Event,Closed,SOC_ANALYST
2026-07-03 05:11:00,AL0160,Medium,,Routine Security Event,Closed,SOC_ANALYST
2026-07-03 12:58:00,AL0161,Low,,Routine Security Event,Closed,SOC_ANALYST
2026-07-03 22:44:00,AL0162,High,,Routine Security Event,Closed,SOC_ANALYST
2026-07-03 20:17:00,AL0163,High,,Routine Security Event,Closed,SOC_ANALYST
2026-07-03 20:46:00,AL0164,High,,Routine Security Event,Closed,SOC_ANALYST
2026-07-03 05:38:00,AL0165,High,,Routine Security Event,Closed,SOC_ANALYST
2026-07-03 00:49:00,AL0166,High,,Routine Security Event,Closed,SOC_ANALYST
2026-07-03 08:53:00,AL0167,High,,Routine Security Event,Closed,SOC_ANALYST
2026-07-03 06:49:00,AL0168,Medium,,Routine Security Event,Closed,SOC_ANALYST
2026-07-03 14:29:00,AL0169,Medium,,Routine Security Event,Closed,SOC_ANALYST
2026-07-03 03:44:00,AL0170,Medium,,Routine Security Event,Closed,SOC_ANALYST
2026-07-03 15:41:00,AL0171,Medium,,Routine Security Event,Closed,SOC_ANALYST
2026-07-03 06:58:00,AL0172,High,,Routine Security Event,Closed,SOC_ANALYST
2026-07-03 10:12:00,AL0173,Medium,,Routine Security Event,Closed,SOC_ANALYST
2026-07-03 20:10:00,AL0174,High,,Routine Security Event,Closed,SOC_ANALYST
2026-07-03 15:49:00,AL0175,Medium,,Routine Security Event,Closed,SOC_ANALYST
2026-07-03 14:19:00,AL0176,Medium,,Routine Security Event,Closed,SOC_ANALYST
2026-07-03 01:24:00,AL0177,High,,Routine Security Event,Closed,SOC_ANALYST
2026-07-03 12:44:00,AL0178,Low,,Routine Security Event,Closed,SOC_ANALYST
2026-07-03 21:15:00,AL0179,Low,,Routine Security Event,Closed,SOC_ANALYST
2026-07-03 10:46:00,AL0180,Low,,Routine Security Event,Closed,SOC_ANALYST
2026-07-03 00:48:00,AL0181,Medium,,Routine Security Event,Closed,SOC_ANALYST
2026-07-03 13:02:00,AL0182,Low,,Routine Security Event,Closed,SOC_ANALYST
2026-07-03 03:11:00,AL0183,High,,Routine Security Event,Closed,SOC_ANALYST
2026-07-03 18:03:00,AL0184,Low,,Routine Security Event,Closed,SOC_ANALYST
2026-07-03 04:41:00,AL0185,High,,Routine Security Event,Closed,SOC_ANALYST
2026-07-03 12:44:00,AL0186,Medium,,Routine Security Event,Closed,SOC_ANALYST
2026-07-03 21:07:00,AL0187,Low,,Routine Security Event,Closed,SOC_ANALYST
2026-07-03 07:43:00,AL0188,Low,,Routine Security Event,Closed,SOC_ANALYST
2026-07-03 19:43:00,AL0189,High,,Routine Security Event,Closed,SOC_ANALYST
2026-07-03 21:17:00,AL0190,Medium,,Routine Security Event,Closed,SOC_ANALYST
2026-07-03 13:52:00,AL0191,High,,Routine Security Event,Closed,SOC_ANALYST
2026-07-03 17:55:00,AL0192,Medium,,Routine Security Event,Closed,SOC_ANALYST
2026-07-03 12:11:00,AL0193,High,,Routine Security Event,Closed,SOC_ANALYST
2026-07-03 07:20:00,AL0194,Low,,Routine Security Event,Closed,SOC_ANALYST
2026-07-03 10:40:00,AL0195,Low,,Routine Security Event,Closed,SOC_ANALYST
2026-07-03 08:09:00,AL0196,High,,Routine Security Event,Closed,SOC_ANALYST
2026-07-03 06:32:00,AL0197,Low,,Routine Security Event,Closed,SOC_ANALYST
2026-07-03 23:32:00,AL0198,High,,Routine Security Event,Closed,SOC_ANALYST
2026-07-03 05:46:00,AL0199,Medium,,Routine Security Event,Closed,SOC_ANALYST
2026-07-03 11:45:00,AL0200,Low,,Routine Security Event,Closed,SOC_ANALYST
2026-07-03 12:23:00,AL0201,Medium,,Routine Security Event,Closed,SOC_ANALYST
2026-07-03 22:24:00,AL0202,Low,,Routine Security Event,Closed,SOC_ANALYST
2026-07-03 18:14:00,AL0203,Medium,,Routine Security Event,Closed,SOC_ANALYST
2026-07-03 10:28:00,AL0204,High,,Routine Security Event,Closed,SOC_ANALYST
2026-07-03 04:14:00,AL0205,Medium,,Routine Security Event,Closed,SOC_ANALYST
2026-07-03 11:59:00,AL0206,Low,,Routine Security Event,Closed,SOC_ANALYST
2026-07-03 03:02:00,AL0207,Low,,Routine Security Event,Closed,SOC_ANALYST
2026-07-03 02:43:00,AL0208,High,,Routine Security Event,Closed,SOC_ANALYST
2026-07-03 23:19:00,AL0209,High,,Routine Security Event,Closed,SOC_ANALYST
2026-07-03 09:57:00,AL0210,High,,Routine Security Event,Closed,SOC_ANALYST
2026-07-03 06:23:00,AL0211,High,,Routine Security Event,Closed,SOC_ANALYST
2026-07-03 09:21:00,AL0212,Medium,,Routine Security Event,Closed,SOC_ANALYST
2026-07-03 00:41:00,AL0213,High,,Routine Security Event,Closed,SOC_ANALYST
2026-07-03 01:35:00,AL0214,Low,,Routine Security Event,Closed,SOC_ANALYST
2026-07-03 13:00:00,AL0215,Low,,Routine Security Event,Closed,SOC_ANALYST
2026-07-03 18:50:00,AL0216,Medium,,Routine Security Event,Closed,SOC_ANALYST
2026-07-03 00:20:00,AL0217,Low,,Routine Security Event,Closed,SOC_ANALYST
2026-07-03 16:22:00,AL0218,Medium,,Routine Security Event,Closed,SOC_ANALYST
2026-07-03 08:15:00,AL0219,Medium,,Routine Security Event,Closed,SOC_ANALYST
2026-07-03 10:06:00,AL0220,Low,,Routine Security Event,Closed,SOC_ANALYST
2026-07-03 05:51:00,AL0221,Medium,,Routine Security Event,Closed,SOC_ANALYST
2026-07-03 14:30:00,AL0222,High,,Routine Security Event,Closed,SOC_ANALYST
2026-07-03 18:08:00,AL0223,Low,,Routine Security Event,Closed,SOC_ANALYST
2026-07-03 14:28:00,AL0224,High,,Routine Security Event,Closed,SOC_ANALYST
2026-07-03 02:32:00,AL0225,Low,,Routine Security Event,Closed,SOC_ANALYST
2026-07-03 06:52:00,AL0226,Medium,,Routine Security Event,Closed,SOC_ANALYST
2026-07-03 17:36:00,AL0227,Medium,,Routine Security Event,Closed,SOC_ANALYST
2026-07-03 01:06:00,AL0228,High,,Routine Security Event,Closed,SOC_ANALYST
2026-07-03 19:47:00,AL0229,Low,,Routine Security Event,Closed,SOC_ANALYST
2026-07-03 13:46:00,AL0230,High,,Routine Security Event,Closed,SOC_ANALYST
2026-07-03 12:01:00,AL0231,High,,Routine Security Event,Closed,SOC_ANALYST
2026-07-03 02:15:00,AL0232,Medium,,Routine Security Event,Closed,SOC_ANALYST
2026-07-03 18:42:00,AL0233,Low,,Routine Security Event,Closed,SOC_ANALYST
2026-07-03 21:51:00,AL0234,Medium,,Routine Security Event,Closed,SOC_ANALYST
2026-07-03 09:41:00,AL0235,Low,,Routine Security Event,Closed,SOC_ANALYST
2026-07-03 22:46:00,AL0236,Medium,,Routine Security Event,Closed,SOC_ANALYST
2026-07-03 02:12:00,AL0237,High,,Routine Security Event,Closed,SOC_ANALYST
2026-07-03 14:33:00,AL0238,High,,Routine Security Event,Closed,SOC_ANALYST
2026-07-03 23:54:00,AL0239,High,,Routine Security Event,Closed,SOC_ANALYST
2026-07-03 04:23:00,AL0240,Low,,Routine Security Event,Closed,SOC_ANALYST
2026-07-03 13:31:00,AL0241,Medium,,Routine Security Event,Closed,SOC_ANALYST
2026-07-03 09:24:00,AL0242,High,,Routine Security Event,Closed,SOC_ANALYST
2026-07-03 10:58:00,AL0243,Medium,,Routine Security Event,Closed,SOC_ANALYST
2026-07-03 16:26:00,AL0244,Low,,Routine Security Event,Closed,SOC_ANALYST
2026-07-03 03:12:00,AL0245,Medium,,Routine Security Event,Closed,SOC_ANALYST
2026-07-03 20:48:00,AL0246,Medium,,Routine Security Event,Closed,SOC_ANALYST
2026-07-03 22:59:00,AL0247,Medium,,Routine Security Event,Closed,SOC_ANALYST
2026-07-03 00:25:00,AL0248,Medium,,Routine Security Event,Closed,SOC_ANALYST
2026-07-03 21:51:00,AL0249,High,,Routine Security Event,Closed,SOC_ANALYST
2026-07-03 18:48:00,AL0250,Medium,,Routine Security Event,Closed,SOC_ANALYST
2026-07-03 09:01:00,AL0251,High,,Routine Security Event,Closed,SOC_ANALYST
2026-07-03 09:32:00,AL0252,Medium,,Routine Security Event,Closed,SOC_ANALYST
2026-07-03 22:25:00,AL0253,High,,Routine Security Event,Closed,SOC_ANALYST
2026-07-03 02:10:00,AL0254,Low,,Routine Security Event,Closed,SOC_ANALYST
2026-07-03 01:25:00,AL0255,Low,,Routine Security Event,Closed,SOC_ANALYST
2026-07-03 03:41:00,AL0256,Low,,Routine Security Event,Closed,SOC_ANALYST
2026-07-03 02:56:00,AL0257,Medium,,Routine Security Event,Closed,SOC_ANALYST
2026-07-03 18:22:00,AL0258,Medium,,Routine Security Event,Closed,SOC_ANALYST
2026-07-03 13:03:00,AL0259,Medium,,Routine Security Event,Closed,SOC_ANALYST
2026-07-03 20:23:00,AL0260,High,,Routine Security Event,Closed,SOC_ANALYST
2026-07-03 18:15:00,AL0261,Medium,,Routine Security Event,Closed,SOC_ANALYST
2026-07-03 13:15:00,AL0262,High,,Routine Security Event,Closed,SOC_ANALYST
2026-07-03 10:47:00,AL0263,Medium,,Routine Security Event,Closed,SOC_ANALYST
2026-07-03 19:02:00,AL0264,High,,Routine Security Event,Closed,SOC_ANALYST
2026-07-03 10:13:00,AL0265,Low,,Routine Security Event,Closed,SOC_ANALYST
2026-07-03 10:48:00,AL0266,Low,,Routine Security Event,Closed,SOC_ANALYST
2026-07-03 22:29:00,AL0267,Low,,Routine Security Event,Closed,SOC_ANALYST
2026-07-03 10:15:00,AL0268,High,,Routine Security Event,Closed,SOC_ANALYST
2026-07-03 17:14:00,AL0269,Medium,,Routine Security Event,Closed,SOC_ANALYST
2026-07-03 04:11:00,AL0270,Low,,Routine Security Event,Closed,SOC_ANALYST
2026-07-03 05:54:00,AL0271,High,,Routine Security Event,Closed,SOC_ANALYST
2026-07-03 00:06:00,AL0272,Medium,,Routine Security Event,Closed,SOC_ANALYST
2026-07-03 23:49:00,AL0273,High,,Routine Security Event,Closed,SOC_ANALYST
2026-07-03 03:57:00,AL0274,Low,,Routine Security Event,Closed,SOC_ANALYST
2026-07-03 22:22:00,AL0275,Low,,Routine Security Event,Closed,SOC_ANALYST
2026-07-03 07:47:00,AL0276,Low,,Routine Security Event,Closed,SOC_ANALYST
2026-07-03 06:40:00,AL0277,Low,,Routine Security Event,Closed,SOC_ANALYST
2026-07-03 19:56:00,AL0278,Medium,,Routine Security Event,Closed,SOC_ANALYST
2026-07-03 00:37:00,AL0279,Low,,Routine Security Event,Closed,SOC_ANALYST
2026-07-03 21:55:00,AL0280,Low,,Routine Security Event,Closed,SOC_ANALYST
2026-07-03 02:57:00,AL0281,Medium,,Routine Security Event,Closed,SOC_ANALYST
2026-07-03 05:13:00,AL0282,Medium,,Routine Security Event,Closed,SOC_ANALYST
2026-07-03 14:01:00,AL0283,High,,Routine Security Event,Closed,SOC_ANALYST
2026-07-03 10:02:00,AL0284,Medium,,Routine Security Event,Closed,SOC_ANALYST
2026-07-03 16:39:00,AL0285,Medium,,Routine Security Event,Closed,SOC_ANALYST
2026-07-03 23:29:00,AL0286,Low,,Routine Security Event,Closed,SOC_ANALYST
2026-07-03 12:33:00,AL0287,Medium,,Routine Security Event,Closed,SOC_ANALYST
2026-07-03 01:05:00,AL0288,High,,Routine Security Event,Closed,SOC_ANALYST
2026-07-03 05:32:00,AL0289,Low,,Routine Security Event,Closed,SOC_ANALYST
2026-07-03 11:27:00,AL0290,Medium,,Routine Security Event,Closed,SOC_ANALYST
2026-07-03 09:06:00,AL0291,Medium,,Routine Security Event,Closed,SOC_ANALYST
2026-07-03 15:26:00,AL0292,Low,,Routine Security Event,Closed,SOC_ANALYST
2026-07-03 14:21:00,AL0293,Medium,,Routine Security Event,Closed,SOC_ANALYST
2026-07-03 19:54:00,AL0294,High,,Routine Security Event,Closed,SOC_ANALYST
2026-07-03 04:02:00,AL0295,High,,Routine Security Event,Closed,SOC_ANALYST
2026-07-03 12:00:00,AL0296,Low,,Routine Security Event,Closed,SOC_ANALYST
2026-07-03 10:33:00,AL0297,High,,Routine Security Event,Closed,SOC_ANALYST
2026-07-03 03:39:00,AL0298,Medium,,Routine Security Event,Closed,SOC_ANALYST
2026-07-03 15:32:00,AL0299,Low,,Routine Security Event,Closed,SOC_ANALYST
2026-07-03 11:53:00,AL0300,High,,Routine Security Event,Closed,SOC_ANALYST
2026-07-03 01:20:00,AL0301,High,,Routine Security Event,Closed,SOC_ANALYST
2026-07-03 01:25:00,AL0302,Low,,Routine Security Event,Closed,SOC_ANALYST
2026-07-03 19:23:00,AL0303,High,,Routine Security Event,Closed,SOC_ANALYST
2026-07-03 17:23:00,AL0304,High,,Routine Security Event,Closed,SOC_ANALYST
2026-07-03 02:52:00,AL0305,Medium,,Routine Security Event,Closed,SOC_ANALYST
2026-07-03 00:54:00,AL0306,Low,,Routine Security Event,Closed,SOC_ANALYST
2026-07-03 12:19:00,AL0307,Medium,,Routine Security Event,Closed,SOC_ANALYST
2026-07-03 06:15:00,AL0308,Medium,,Routine Security Event,Closed,SOC_ANALYST
2026-07-03 18:59:00,AL0309,Medium,,Routine Security Event,Closed,SOC_ANALYST
2026-07-03 13:02:00,AL0310,High,,Routine Security Event,Closed,SOC_ANALYST
2026-07-03 18:34:00,AL0311,High,,Routine Security Event,Closed,SOC_ANALYST
2026-07-03 13:52:00,AL0312,High,,Routine Security Event,Closed,SOC_ANALYST
2026-07-03 08:38:00,AL0313,Medium,,Routine Security Event,Closed,SOC_ANALYST
2026-07-03 02:13:00,AL0314,Low,,Routine Security Event,Closed,SOC_ANALYST
2026-07-03 14:22:00,AL0315,High,,Routine Security Event,Closed,SOC_ANALYST
2026-07-03 09:50:00,AL0316,Medium,,Routine Security Event,Closed,SOC_ANALYST
2026-07-03 05:18:00,AL0317,Medium,,Routine Security Event,Closed,SOC_ANALYST
2026-07-03 00:09:00,AL0318,Low,,Routine Security Event,Closed,SOC_ANALYST
2026-07-03 01:31:00,AL0319,Low,,Routine Security Event,Closed,SOC_ANALYST
2026-07-03 17:43:00,AL0320,High,,Routine Security Event,Closed,SOC_ANALYST
2026-07-03 22:13:00,AL0321,High,,Routine Security Event,Closed,SOC_ANALYST
2026-07-03 19:59:00,AL0322,High,,Routine Security Event,Closed,SOC_ANALYST
2026-07-03 12:37:00,AL0323,Medium,,Routine Security Event,Closed,SOC_ANALYST
2026-07-03 09:33:00,AL0324,Medium,,Routine Security Event,Closed,SOC_ANALYST
2026-07-03 21:38:00,AL0325,High,,Routine Security Event,Closed,SOC_ANALYST
2026-07-03 07:19:00,AL0326,Medium,,Routine Security Event,Closed,SOC_ANALYST
2026-07-03 03:07:00,AL0327,High,,Routine Security Event,Closed,SOC_ANALYST
2026-07-03 14:17:00,AL0328,Medium,,Routine Security Event,Closed,SOC_ANALYST
2026-07-03 02:56:00,AL0329,Low,,Routine Security Event,Closed,SOC_ANALYST
2026-07-03 13:53:00,AL0330,Medium,,Routine Security Event,Closed,SOC_ANALYST
2026-07-03 17:55:00,AL0331,High,,Routine Security Event,Closed,SOC_ANALYST
2026-07-03 16:15:00,AL0332,Low,,Routine Security Event,Closed,SOC_ANALYST
2026-07-03 08:56:00,AL0333,High,,Routine Security Event,Closed,SOC_ANALYST
2026-07-03 23:10:00,AL0334,Medium,,Routine Security Event,Closed,SOC_ANALYST
2026-07-03 16:58:00,AL0335,Low,,Routine Security Event,Closed,SOC_ANALYST
2026-07-03 09:37:00,AL0336,Medium,,Routine Security Event,Closed,SOC_ANALYST
2026-07-03 09:44:00,AL0337,High,,Routine Security Event,Closed,SOC_ANALYST
2026-07-03 04:06:00,AL0338,Low,,Routine Security Event,Closed,SOC_ANALYST
2026-07-03 08:53:00,AL0339,Low,,Routine Security Event,Closed,SOC_ANALYST
2026-07-03 08:39:00,AL0340,Medium,,Routine Security Event,Closed,SOC_ANALYST
2026-07-03 04:31:00,AL0341,Low,,Routine Security Event,Closed,SOC_ANALYST
2026-07-03 00:30:00,AL0342,Low,,Routine Security Event,Closed,SOC_ANALYST
2026-07-03 00:39:00,AL0343,Low,,Routine Security Event,Closed,SOC_ANALYST
2026-07-03 12:50:00,AL0344,Medium,,Routine Security Event,Closed,SOC_ANALYST
2026-07-03 22:37:00,AL0345,High,,Routine Security Event,Closed,SOC_ANALYST
2026-07-03 20:44:00,AL0346,High,,Routine Security Event,Closed,SOC_ANALYST
2026-07-03 15:34:00,AL0347,Medium,,Routine Security Event,Closed,SOC_ANALYST
2026-07-03 12:28:00,AL0348,Low,,Routine Security Event,Closed,SOC_ANALYST
2026-07-03 23:04:00,AL0349,Medium,,Routine Security Event,Closed,SOC_ANALYST
2026-07-03 00:54:00,AL0350,Medium,,Routine Security Event,Closed,SOC_ANALYST
2026-07-03 10:35:00,AL0351,High,,Routine Security Event,Closed,SOC_ANALYST
2026-07-03 09:58:00,AL0352,Medium,,Routine Security Event,Closed,SOC_ANALYST
2026-07-03 09:07:00,AL0353,High,,Routine Security Event,Closed,SOC_ANALYST
2026-07-03 12:12:00,AL0354,Medium,,Routine Security Event,Closed,SOC_ANALYST
2026-07-03 23:15:00,AL0355,Medium,,Routine Security Event,Closed,SOC_ANALYST
2026-07-03 20:42:00,AL0356,Low,,Routine Security Event,Closed,SOC_ANALYST
2026-07-03 00:33:00,AL0357,High,,Routine Security Event,Closed,SOC_ANALYST
2026-07-03 08:26:00,AL0358,High,,Routine Security Event,Closed,SOC_ANALYST
2026-07-03 03:02:00,AL0359,Medium,,Routine Security Event,Closed,SOC_ANALYST
2026-07-03 06:03:00,AL0360,Low,,Routine Security Event,Closed,SOC_ANALYST
2026-07-03 20:38:00,AL0361,Low,,Routine Security Event,Closed,SOC_ANALYST
2026-07-03 23:15:00,AL0362,Medium,,Routine Security Event,Closed,SOC_ANALYST
2026-07-03 11:01:00,AL0363,High,,Routine Security Event,Closed,SOC_ANALYST
2026-07-03 06:21:00,AL0364,Low,,Routine Security Event,Closed,SOC_ANALYST
2026-07-03 23:07:00,AL0365,Low,,Routine Security Event,Closed,SOC_ANALYST
2026-07-03 05:11:00,AL0366,Low,,Routine Security Event,Closed,SOC_ANALYST
2026-07-03 12:08:00,AL0367,Low,,Routine Security Event,Closed,SOC_ANALYST
2026-07-03 18:24:00,AL0368,High,,Routine Security Event,Closed,SOC_ANALYST
2026-07-03 21:35:00,AL0369,Low,,Routine Security Event,Closed,SOC_ANALYST
2026-07-03 15:06:00,AL0370,Low,,Routine Security Event,Closed,SOC_ANALYST
2026-07-03 17:02:00,AL0371,High,,Routine Security Event,Closed,SOC_ANALYST
2026-07-03 13:40:00,AL0372,High,,Routine Security Event,Closed,SOC_ANALYST
2026-07-03 10:58:00,AL0373,Medium,,Routine Security Event,Closed,SOC_ANALYST
2026-07-03 03:15:00,AL0374,Medium,,Routine Security Event,Closed,SOC_ANALYST
2026-07-03 12:22:00,AL0375,High,,Routine Security Event,Closed,SOC_ANALYST
2026-07-03 23:18:00,AL0376,Low,,Routine Security Event,Closed,SOC_ANALYST
2026-07-03 00:16:00,AL0377,Medium,,Routine Security Event,Closed,SOC_ANALYST
2026-07-03 01:57:00,AL0378,High,,Routine Security Event,Closed,SOC_ANALYST
2026-07-03 21:22:00,AL0379,High,,Routine Security Event,Closed,SOC_ANALYST
2026-07-03 00:15:00,AL0380,Low,,Routine Security Event,Closed,SOC_ANALYST
2026-07-03 11:00:00,AL0381,Medium,,Routine Security Event,Closed,SOC_ANALYST
2026-07-03 18:12:00,AL0382,High,,Routine Security Event,Closed,SOC_ANALYST
2026-07-03 06:59:00,AL0383,High,,Routine Security Event,Closed,SOC_ANALYST
2026-07-03 20:37:00,AL0384,Medium,,Routine Security Event,Closed,SOC_ANALYST
2026-07-03 02:28:00,AL0385,High,,Routine Security Event,Closed,SOC_ANALYST
2026-07-03 08:27:00,AL0386,Low,,Routine Security Event,Closed,SOC_ANALYST
2026-07-03 09:33:00,AL0387,Medium,,Routine Security Event,Closed,SOC_ANALYST
2026-07-03 19:30:00,AL0388,Low,,Routine Security Event,Closed,SOC_ANALYST
2026-07-03 21:12:00,AL0389,Medium,,Routine Security Event,Closed,SOC_ANALYST
2026-07-03 17:47:00,AL0390,Low,,Routine Security Event,Closed,SOC_ANALYST
2026-07-03 17:41:00,AL0391,High,,Routine Security Event,Closed,SOC_ANALYST
2026-07-03 23:59:00,AL0392,High,,Routine Security Event,Closed,SOC_ANALYST
2026-07-03 15:57:00,AL0393,Low,,Routine Security Event,Closed,SOC_ANALYST
2026-07-03 21:37:00,AL0394,Medium,,Routine Security Event,Closed,SOC_ANALYST
2026-07-03 12:02:00,AL0395,Medium,,Routine Security Event,Closed,SOC_ANALYST
2026-07-03 16:33:00,AL0396,Low,,Routine Security Event,Closed,SOC_ANALYST
2026-07-03 04:43:00,AL0397,High,,Routine Security Event,Closed,SOC_ANALYST
2026-07-03 09:32:00,AL0398,Medium,,Routine Security Event,Closed,SOC_ANALYST
2026-07-03 19:53:00,AL0399,High,,Routine Security Event,Closed,SOC_ANALYST
2026-07-03 16:30:00,AL0400,Low,,Routine Security Event,Closed,SOC_ANALYST
2026-07-03 05:08:00,AL0401,High,,Routine Security Event,Closed,SOC_ANALYST
2026-07-03 04:06:00,AL0402,Medium,,Routine Security Event,Closed,SOC_ANALYST
2026-07-03 12:13:00,AL0403,High,,Routine Security Event,Closed,SOC_ANALYST
2026-07-03 21:21:00,AL0404,Medium,,Routine Security Event,Closed,SOC_ANALYST
2026-07-03 20:19:00,AL0405,Low,,Routine Security Event,Closed,SOC_ANALYST
2026-07-03 15:41:00,AL0406,High,,Routine Security Event,Closed,SOC_ANALYST
2026-07-03 19:21:00,AL0407,High,,Routine Security Event,Closed,SOC_ANALYST
2026-07-03 19:44:00,AL0408,Low,,Routine Security Event,Closed,SOC_ANALYST
2026-07-03 08:35:00,AL0409,Low,,Routine Security Event,Closed,SOC_ANALYST
2026-07-03 05:38:00,AL0410,Low,,Routine Security Event,Closed,SOC_ANALYST
2026-07-03 02:02:00,AL0411,High,,Routine Security Event,Closed,SOC_ANALYST
2026-07-03 00:43:00,AL0412,High,,Routine Security Event,Closed,SOC_ANALYST
2026-07-03 01:34:00,AL0413,Medium,,Routine Security Event,Closed,SOC_ANALYST
2026-07-03 02:17:00,AL0414,Medium,,Routine Security Event,Closed,SOC_ANALYST
2026-07-03 05:45:00,AL0415,High,,Routine Security Event,Closed,SOC_ANALYST
2026-07-03 11:47:00,AL0416,Medium,,Routine Security Event,Closed,SOC_ANALYST
2026-07-03 15:02:00,AL0417,Medium,,Routine Security Event,Closed,SOC_ANALYST
2026-07-03 16:45:00,AL0418,Low,,Routine Security Event,Closed,SOC_ANALYST
2026-07-03 06:40:00,AL0419,High,,Routine Security Event,Closed,SOC_ANALYST
2026-07-03 10:32:00,AL0420,High,,Routine Security Event,Closed,SOC_ANALYST
2026-07-03 19:26:00,AL0421,High,,Routine Security Event,Closed,SOC_ANALYST
2026-07-03 19:03:00,AL0422,High,,Routine Security Event,Closed,SOC_ANALYST
2026-07-03 01:49:00,AL0423,Medium,,Routine Security Event,Closed,SOC_ANALYST
2026-07-03 14:30:00,AL0424,Low,,Routine Security Event,Closed,SOC_ANALYST
2026-07-03 17:29:00,AL0425,High,,Routine Security Event,Closed,SOC_ANALYST
2026-07-03 18:48:00,AL0426,Medium,,Routine Security Event,Closed,SOC_ANALYST
2026-07-03 05:22:00,AL0427,Low,,Routine Security Event,Closed,SOC_ANALYST
2026-07-03 04:21:00,AL0428,High,,Routine Security Event,Closed,SOC_ANALYST
2026-07-03 13:54:00,AL0429,Low,,Routine Security Event,Closed,SOC_ANALYST
2026-07-03 17:16:00,AL0430,Low,,Routine Security Event,Closed,SOC_ANALYST
2026-07-03 02:21:00,AL0431,Low,,Routine Security Event,Closed,SOC_ANALYST
2026-07-03 02:07:00,AL0432,High,,Routine Security Event,Closed,SOC_ANALYST
2026-07-03 16:07:00,AL0433,Medium,,Routine Security Event,Closed,SOC_ANALYST
2026-07-03 23:31:00,AL0434,High,,Routine Security Event,Closed,SOC_ANALYST
2026-07-03 11:14:00,AL0435,Low,,Routine Security Event,Closed,SOC_ANALYST
2026-07-03 16:17:00,AL0436,Low,,Routine Security Event,Closed,SOC_ANALYST
2026-07-03 17:57:00,AL0437,Medium,,Routine Security Event,Closed,SOC_ANALYST
2026-07-03 21:09:00,AL0438,Medium,,Routine Security Event,Closed,SOC_ANALYST
2026-07-03 11:05:00,AL0439,High,,Routine Security Event,Closed,SOC_ANALYST
2026-07-03 14:53:00,AL0440,Low,,Routine Security Event,Closed,SOC_ANALYST
2026-07-03 01:46:00,AL0441,Medium,,Routine Security Event,Closed,SOC_ANALYST
2026-07-03 20:36:00,AL0442,Medium,,Routine Security Event,Closed,SOC_ANALYST
2026-07-03 08:50:00,AL0443,High,,Routine Security Event,Closed,SOC_ANALYST
2026-07-03 07:34:00,AL0444,Medium,,Routine Security Event,Closed,SOC_ANALYST
2026-07-03 19:35:00,AL0445,Low,,Routine Security Event,Closed,SOC_ANALYST
2026-07-03 11:27:00,AL0446,Medium,,Routine Security Event,Closed,SOC_ANALYST
2026-07-03 02:11:00,AL0447,Medium,,Routine Security Event,Closed,SOC_ANALYST
2026-07-03 09:50:00,AL0448,High,,Routine Security Event,Closed,SOC_ANALYST
2026-07-03 14:56:00,AL0449,High,,Routine Security Event,Closed,SOC_ANALYST
2026-07-03 23:20:00,AL0450,High,,Routine Security Event,Closed,SOC_ANALYST
2026-07-03 20:55:00,AL0451,Medium,,Routine Security Event,Closed,SOC_ANALYST
2026-07-03 03:13:00,AL0452,Low,,Routine Security Event,Closed,SOC_ANALYST
2026-07-03 03:33:00,AL0453,Medium,,Routine Security Event,Closed,SOC_ANALYST
2026-07-03 05:47:00,AL0454,High,,Routine Security Event,Closed,SOC_ANALYST
2026-07-03 11:30:00,AL0455,High,,Routine Security Event,Closed,SOC_ANALYST
2026-07-03 06:17:00,AL0456,High,,Routine Security Event,Closed,SOC_ANALYST
2026-07-03 22:32:00,AL0457,Medium,,Routine Security Event,Closed,SOC_ANALYST
2026-07-03 08:43:00,AL0458,Low,,Routine Security Event,Closed,SOC_ANALYST
2026-07-03 13:32:00,AL0459,High,,Routine Security Event,Closed,SOC_ANALYST
2026-07-03 02:02:00,AL0460,Medium,,Routine Security Event,Closed,SOC_ANALYST
2026-07-03 17:03:00,AL0461,Low,,Routine Security Event,Closed,SOC_ANALYST
2026-07-03 14:39:00,AL0462,High,,Routine Security Event,Closed,SOC_ANALYST
2026-07-03 20:21:00,AL0463,Medium,,Routine Security Event,Closed,SOC_ANALYST
2026-07-03 17:05:00,AL0464,High,,Routine Security Event,Closed,SOC_ANALYST
2026-07-03 02:42:00,AL0465,Medium,,Routine Security Event,Closed,SOC_ANALYST
2026-07-03 19:17:00,AL0466,High,,Routine Security Event,Closed,SOC_ANALYST
2026-07-03 08:18:00,AL0467,High,,Routine Security Event,Closed,SOC_ANALYST
2026-07-03 04:00:00,AL0468,Low,,Routine Security Event,Closed,SOC_ANALYST
2026-07-03 02:26:00,AL0469,Medium,,Routine Security Event,Closed,SOC_ANALYST
2026-07-03 23:19:00,AL0470,Low,,Routine Security Event,Closed,SOC_ANALYST
2026-07-03 07:58:00,AL0471,Low,,Routine Security Event,Closed,SOC_ANALYST
2026-07-03 10:10:00,AL0472,Low,,Routine Security Event,Closed,SOC_ANALYST
2026-07-03 19:35:00,AL0473,Low,,Routine Security Event,Closed,SOC_ANALYST
2026-07-03 11:58:00,AL0474,Medium,,Routine Security Event,Closed,SOC_ANALYST
2026-07-03 12:29:00,AL0475,High,,Routine Security Event,Closed,SOC_ANALYST
2026-07-03 00:43:00,AL0476,High,,Routine Security Event,Closed,SOC_ANALYST
2026-07-03 12:43:00,AL0477,Low,,Routine Security Event,Closed,SOC_ANALYST
2026-07-03 15:43:00,AL0478,High,,Routine Security Event,Closed,SOC_ANALYST
2026-07-03 19:11:00,AL0479,Low,,Routine Security Event,Closed,SOC_ANALYST
2026-07-03 19:56:00,AL0480,High,,Routine Security Event,Closed,SOC_ANALYST
2026-07-03 17:23:00,AL0481,Medium,,Routine Security Event,Closed,SOC_ANALYST
2026-07-03 08:09:00,AL0482,Medium,,Routine Security Event,Closed,SOC_ANALYST
2026-07-03 23:10:00,AL0483,High,,Routine Security Event,Closed,SOC_ANALYST
2026-07-03 13:03:00,AL0484,Low,,Routine Security Event,Closed,SOC_ANALYST
2026-07-03 20:16:00,AL0485,High,,Routine Security Event,Closed,SOC_ANALYST
2026-07-03 01:06:00,AL0486,High,,Routine Security Event,Closed,SOC_ANALYST
2026-07-03 13:54:00,AL0487,Low,,Routine Security Event,Closed,SOC_ANALYST
2026-07-03 05:46:00,AL0488,High,,Routine Security Event,Closed,SOC_ANALYST
2026-07-03 02:17:00,AL0489,Medium,,Routine Security Event,Closed,SOC_ANALYST
2026-07-03 21:11:00,AL0490,High,,Routine Security Event,Closed,SOC_ANALYST
2026-07-03 13:43:00,AL0491,Low,,Routine Security Event,Closed,SOC_ANALYST
2026-07-03 04:48:00,AL0492,Medium,,Routine Security Event,Closed,SOC_ANALYST
2026-07-03 10:22:00,AL0493,Medium,,Routine Security Event,Closed,SOC_ANALYST
2026-07-03 06:03:00,AL0494,Low,,Routine Security Event,Closed,SOC_ANALYST
2026-07-03 20:52:00,AL0495,Medium,,Routine Security Event,Closed,SOC_ANALYST
2026-07-03 23:20:00,AL0496,Low,,Routine Security Event,Closed,SOC_ANALYST
2026-07-03 08:22:00,AL0497,High,,Routine Security Event,Closed,SOC_ANALYST
2026-07-03 07:11:00,AL0498,High,,Routine Security Event,Closed,SOC_ANALYST
2026-07-03 18:42:00,AL0499,Low,,Routine Security Event,Closed,SOC_ANALYST
2026-07-03 14:25:00,AL0500,High,,Routine Security Event,Closed,SOC_ANALYST
2026-07-03 22:48:00,AL0501,High,,Routine Security Event,Closed,SOC_ANALYST
2026-07-03 07:31:00,AL0502,High,,Routine Security Event,Closed,SOC_ANALYST
2026-07-03 12:04:00,AL0503,High,,Routine Security Event,Closed,SOC_ANALYST
2026-07-03 17:39:00,AL0504,High,,Routine Security Event,Closed,SOC_ANALYST
2026-07-03 22:16:00,AL0505,Low,,Routine Security Event,Closed,SOC_ANALYST
2026-07-03 01:05:00,AL0506,Low,,Routine Security Event,Closed,SOC_ANALYST
2026-07-03 08:06:00,AL0507,Low,,Routine Security Event,Closed,SOC_ANALYST
2026-07-03 17:40:00,AL0508,Low,,Routine Security Event,Closed,SOC_ANALYST
2026-07-03 04:25:00,AL0509,Medium,,Routine Security Event,Closed,SOC_ANALYST
2026-07-03 08:50:00,AL0510,Medium,,Routine Security Event,Closed,SOC_ANALYST
2026-07-03 09:49:00,AL0511,Low,,Routine Security Event,Closed,SOC_ANALYST
2026-07-03 10:27:00,AL0512,Low,,Routine Security Event,Closed,SOC_ANALYST
2026-07-03 19:20:00,AL0513,Medium,,Routine Security Event,Closed,SOC_ANALYST
2026-07-03 00:24:00,AL0514,Low,,Routine Security Event,Closed,SOC_ANALYST
2026-07-03 17:42:00,AL0515,High,,Routine Security Event,Closed,SOC_ANALYST
2026-07-03 11:45:00,AL0516,High,,Routine Security Event,Closed,SOC_ANALYST
2026-07-03 08:00:00,AL0517,High,,Routine Security Event,Closed,SOC_ANALYST
2026-07-03 00:06:00,AL0518,Low,,Routine Security Event,Closed,SOC_ANALYST
2026-07-03 08:49:00,AL0519,High,,Routine Security Event,Closed,SOC_ANALYST
2026-07-03 11:30:00,AL0520,Medium,,Routine Security Event,Closed,SOC_ANALYST
2026-07-03 23:49:00,AL0521,High,,Routine Security Event,Closed,SOC_ANALYST
2026-07-03 23:09:00,AL0522,High,,Routine Security Event,Closed,SOC_ANALYST
2026-07-03 01:08:00,AL0523,Low,,Routine Security Event,Closed,SOC_ANALYST
2026-07-03 05:19:00,AL0524,Medium,,Routine Security Event,Closed,SOC_ANALYST
2026-07-03 00:29:00,AL0525,Low,,Routine Security Event,Closed,SOC_ANALYST
2026-07-03 11:53:00,AL0526,High,,Routine Security Event,Closed,SOC_ANALYST
2026-07-03 19:55:00,AL0527,High,,Routine Security Event,Closed,SOC_ANALYST
2026-07-03 02:55:00,AL0528,Low,,Routine Security Event,Closed,SOC_ANALYST
2026-07-03 17:03:00,AL0529,Low,,Routine Security Event,Closed,SOC_ANALYST
2026-07-03 07:39:00,AL0530,Low,,Routine Security Event,Closed,SOC_ANALYST
2026-07-03 22:59:00,AL0531,Low,,Routine Security Event,Closed,SOC_ANALYST
2026-07-03 16:49:00,AL0532,High,,Routine Security Event,Closed,SOC_ANALYST
2026-07-03 02:36:00,AL0533,Medium,,Routine Security Event,Closed,SOC_ANALYST
2026-07-03 06:15:00,AL0534,High,,Routine Security Event,Closed,SOC_ANALYST
2026-07-03 13:08:00,AL0535,High,,Routine Security Event,Closed,SOC_ANALYST
2026-07-03 02:21:00,AL0536,Medium,,Routine Security Event,Closed,SOC_ANALYST
2026-07-03 07:23:00,AL0537,Medium,,Routine Security Event,Closed,SOC_ANALYST
2026-07-03 03:14:00,AL0538,High,,Routine Security Event,Closed,SOC_ANALYST
2026-07-03 15:57:00,AL0539,Low,,Routine Security Event,Closed,SOC_ANALYST
2026-07-03 19:21:00,AL0540,High,,Routine Security Event,Closed,SOC_ANALYST
2026-07-03 19:41:00,AL0541,Medium,,Routine Security Event,Closed,SOC_ANALYST
2026-07-03 17:43:00,AL0542,Low,,Routine Security Event,Closed,SOC_ANALYST
2026-07-03 00:09:00,AL0543,High,,Routine Security Event,Closed,SOC_ANALYST
2026-07-03 13:51:00,AL0544,Medium,,Routine Security Event,Closed,SOC_ANALYST
2026-07-03 16:38:00,AL0545,High,,Routine Security Event,Closed,SOC_ANALYST
2026-07-03 03:26:00,AL0546,High,,Routine Security Event,Closed,SOC_ANALYST
2026-07-03 11:33:00,AL0547,Low,,Routine Security Event,Closed,SOC_ANALYST
2026-07-03 14:11:00,AL0548,Medium,,Routine Security Event,Closed,SOC_ANALYST
2026-07-03 00:36:00,AL0549,Medium,,Routine Security Event,Closed,SOC_ANALYST
2026-07-03 14:00:00,AL0550,Medium,,Routine Security Event,Closed,SOC_ANALYST
2026-07-03 19:10:00,AL0551,Low,,Routine Security Event,Closed,SOC_ANALYST
2026-07-03 11:25:00,AL0552,High,,Routine Security Event,Closed,SOC_ANALYST
2026-07-03 19:25:00,AL0553,Low,,Routine Security Event,Closed,SOC_ANALYST
2026-07-03 15:14:00,AL0554,Medium,,Routine Security Event,Closed,SOC_ANALYST
2026-07-03 00:32:00,AL0555,High,,Routine Security Event,Closed,SOC_ANALYST
2026-07-03 00:28:00,AL0556,Low,,Routine Security Event,Closed,SOC_ANALYST
2026-07-03 22:46:00,AL0557,High,,Routine Security Event,Closed,SOC_ANALYST
2026-07-03 08:56:00,AL0558,Low,,Routine Security Event,Closed,SOC_ANALYST
2026-07-03 16:33:00,AL0559,Medium,,Routine Security Event,Closed,SOC_ANALYST
2026-07-03 17:27:00,AL0560,Medium,,Routine Security Event,Closed,SOC_ANALYST
2026-07-03 08:14:00,AL0561,Medium,,Routine Security Event,Closed,SOC_ANALYST
2026-07-03 03:07:00,AL0562,Low,,Routine Security Event,Closed,SOC_ANALYST
2026-07-03 11:58:00,AL0563,Medium,,Routine Security Event,Closed,SOC_ANALYST
2026-07-03 02:52:00,AL0564,Medium,,Routine Security Event,Closed,SOC_ANALYST
2026-07-03 09:44:00,AL0565,High,,Routine Security Event,Closed,SOC_ANALYST
2026-07-03 12:26:00,AL0566,Low,,Routine Security Event,Closed,SOC_ANALYST
2026-07-03 11:10:00,AL0567,High,,Routine Security Event,Closed,SOC_ANALYST
2026-07-03 02:17:00,AL0568,Low,,Routine Security Event,Closed,SOC_ANALYST
2026-07-03 21:28:00,AL0569,Low,,Routine Security Event,Closed,SOC_ANALYST
2026-07-03 10:02:00,AL0570,Low,,Routine Security Event,Closed,SOC_ANALYST
2026-07-03 01:35:00,AL0571,Medium,,Routine Security Event,Closed,SOC_ANALYST
2026-07-03 21:26:00,AL0572,Medium,,Routine Security Event,Closed,SOC_ANALYST
2026-07-03 09:38:00,AL0573,Low,,Routine Security Event,Closed,SOC_ANALYST
2026-07-03 08:08:00,AL0574,High,,Routine Security Event,Closed,SOC_ANALYST
2026-07-03 16:54:00,AL0575,Medium,,Routine Security Event,Closed,SOC_ANALYST
2026-07-03 15:35:00,AL0576,High,,Routine Security Event,Closed,SOC_ANALYST
2026-07-03 09:14:00,AL0577,Low,,Routine Security Event,Closed,SOC_ANALYST
2026-07-03 08:31:00,AL0578,High,,Routine Security Event,Closed,SOC_ANALYST
2026-07-03 00:42:00,AL0579,Medium,,Routine Security Event,Closed,SOC_ANALYST
2026-07-03 18:50:00,AL0580,High,,Routine Security Event,Closed,SOC_ANALYST
2026-07-03 17:12:00,AL0581,Low,,Routine Security Event,Closed,SOC_ANALYST
2026-07-03 21:19:00,AL0582,High,,Routine Security Event,Closed,SOC_ANALYST
2026-07-03 22:10:00,AL0583,Low,,Routine Security Event,Closed,SOC_ANALYST
2026-07-03 14:06:00,AL0584,Medium,,Routine Security Event,Closed,SOC_ANALYST
2026-07-03 21:06:00,AL0585,High,,Routine Security Event,Closed,SOC_ANALYST
2026-07-03 14:33:00,AL0586,Medium,,Routine Security Event,Closed,SOC_ANALYST
2026-07-03 05:42:00,AL0587,Medium,,Routine Security Event,Closed,SOC_ANALYST
2026-07-03 22:51:00,AL0588,Medium,,Routine Security Event,Closed,SOC_ANALYST
2026-07-03 04:39:00,AL0589,Medium,,Routine Security Event,Closed,SOC_ANALYST
2026-07-03 11:11:00,AL0590,Low,,Routine Security Event,Closed,SOC_ANALYST
2026-07-03 02:15:00,AL0591,Low,,Routine Security Event,Closed,SOC_ANALYST
2026-07-03 20:08:00,AL0592,High,,Routine Security Event,Closed,SOC_ANALYST
2026-07-03 02:40:00,AL0593,Low,,Routine Security Event,Closed,SOC_ANALYST
2026-07-03 11:32:00,AL0594,High,,Routine Security Event,Closed,SOC_ANALYST
2026-07-03 21:09:00,AL0595,High,,Routine Security Event,Closed,SOC_ANALYST
2026-07-03 15:28:00,AL0596,High,,Routine Security Event,Closed,SOC_ANALYST
2026-07-03 06:32:00,AL0597,High,,Routine Security Event,Closed,SOC_ANALYST
2026-07-03 01:42:00,AL0598,High,,Routine Security Event,Closed,SOC_ANALYST
2026-07-03 07:23:00,AL0599,Medium,,Routine Security Event,Closed,SOC_ANALYST
2026-07-03 11:35:00,AL0600,Low,,Routine Security Event,Closed,SOC_ANALYST
2026-07-03 02:10:00,AL0601,High,,Routine Security Event,Closed,SOC_ANALYST
2026-07-03 12:56:00,AL0602,Low,,Routine Security Event,Closed,SOC_ANALYST
2026-07-03 18:08:00,AL0603,Low,,Routine Security Event,Closed,SOC_ANALYST
2026-07-03 22:53:00,AL0604,Low,,Routine Security Event,Closed,SOC_ANALYST
2026-07-03 03:56:00,AL0605,Low,,Routine Security Event,Closed,SOC_ANALYST
2026-07-03 05:57:00,AL0606,Medium,,Routine Security Event,Closed,SOC_ANALYST
2026-07-03 00:46:00,AL0607,Medium,,Routine Security Event,Closed,SOC_ANALYST
2026-07-03 09:57:00,AL0608,Medium,,Routine Security Event,Closed,SOC_ANALYST
2026-07-03 02:41:00,AL0609,Medium,,Routine Security Event,Closed,SOC_ANALYST
2026-07-03 17:05:00,AL0610,High,,Routine Security Event,Closed,SOC_ANALYST
2026-07-03 14:13:00,AL0611,Medium,,Routine Security Event,Closed,SOC_ANALYST
2026-07-03 23:20:00,AL0612,Low,,Routine Security Event,Closed,SOC_ANALYST
2026-07-03 01:35:00,AL0613,Medium,,Routine Security Event,Closed,SOC_ANALYST
2026-07-03 13:52:00,AL0614,Medium,,Routine Security Event,Closed,SOC_ANALYST
2026-07-03 01:52:00,AL0615,Medium,,Routine Security Event,Closed,SOC_ANALYST
2026-07-03 21:55:00,AL0616,Low,,Routine Security Event,Closed,SOC_ANALYST
2026-07-03 01:56:00,AL0617,Medium,,Routine Security Event,Closed,SOC_ANALYST
2026-07-03 21:38:00,AL0618,Low,,Routine Security Event,Closed,SOC_ANALYST
2026-07-03 20:30:00,AL0619,Low,,Routine Security Event,Closed,SOC_ANALYST
2026-07-03 21:40:00,AL0620,Medium,,Routine Security Event,Closed,SOC_ANALYST
2026-07-03 01:15:00,AL0621,Medium,,Routine Security Event,Closed,SOC_ANALYST
2026-07-03 16:41:00,AL0622,Low,,Routine Security Event,Closed,SOC_ANALYST
2026-07-03 20:40:00,AL0623,Low,,Routine Security Event,Closed,SOC_ANALYST
2026-07-03 00:39:00,AL0624,High,,Routine Security Event,Closed,SOC_ANALYST
2026-07-03 01:44:00,AL0625,High,,Routine Security Event,Closed,SOC_ANALYST
2026-07-03 21:44:00,AL0626,Low,,Routine Security Event,Closed,SOC_ANALYST
2026-07-03 19:07:00,AL0627,High,,Routine Security Event,Closed,SOC_ANALYST
2026-07-03 05:16:00,AL0628,High,,Routine Security Event,Closed,SOC_ANALYST
2026-07-03 00:02:00,AL0629,High,,Routine Security Event,Closed,SOC_ANALYST
2026-07-03 15:01:00,AL0630,High,,Routine Security Event,Closed,SOC_ANALYST
2026-07-03 07:35:00,AL0631,Low,,Routine Security Event,Closed,SOC_ANALYST
2026-07-03 02:26:00,AL0632,Medium,,Routine Security Event,Closed,SOC_ANALYST
2026-07-03 03:24:00,AL0633,Medium,,Routine Security Event,Closed,SOC_ANALYST
2026-07-03 14:36:00,AL0634,Medium,,Routine Security Event,Closed,SOC_ANALYST
2026-07-03 14:18:00,AL0635,High,,Routine Security Event,Closed,SOC_ANALYST
2026-07-03 23:51:00,AL0636,High,,Routine Security Event,Closed,SOC_ANALYST
2026-07-03 07:12:00,AL0637,Low,,Routine Security Event,Closed,SOC_ANALYST
2026-07-03 07:26:00,AL0638,High,,Routine Security Event,Closed,SOC_ANALYST
2026-07-03 08:39:00,AL0639,Medium,,Routine Security Event,Closed,SOC_ANALYST
2026-07-03 22:48:00,AL0640,Medium,,Routine Security Event,Closed,SOC_ANALYST
2026-07-03 03:24:00,AL0641,Low,,Routine Security Event,Closed,SOC_ANALYST
2026-07-03 20:17:00,AL0642,High,,Routine Security Event,Closed,SOC_ANALYST
2026-07-03 10:48:00,AL0643,High,,Routine Security Event,Closed,SOC_ANALYST
2026-07-03 19:11:00,AL0644,Low,,Routine Security Event,Closed,SOC_ANALYST
2026-07-03 20:10:00,AL0645,Medium,,Routine Security Event,Closed,SOC_ANALYST
2026-07-03 11:53:00,AL0646,Medium,,Routine Security Event,Closed,SOC_ANALYST
2026-07-03 11:39:00,AL0647,Low,,Routine Security Event,Closed,SOC_ANALYST
2026-07-03 11:16:00,AL0648,Medium,,Routine Security Event,Closed,SOC_ANALYST
2026-07-03 13:46:00,AL0649,Medium,,Routine Security Event,Closed,SOC_ANALYST
2026-07-03 04:00:00,AL0650,Low,,Routine Security Event,Closed,SOC_ANALYST
2026-07-03 05:14:00,AL0651,Low,,Routine Security Event,Closed,SOC_ANALYST
2026-07-03 16:22:00,AL0652,High,,Routine Security Event,Closed,SOC_ANALYST
2026-07-03 21:20:00,AL0653,High,,Routine Security Event,Closed,SOC_ANALYST
2026-07-03 05:10:00,AL0654,High,,Routine Security Event,Closed,SOC_ANALYST
2026-07-03 11:45:00,AL0655,High,,Routine Security Event,Closed,SOC_ANALYST
2026-07-03 00:58:00,AL0656,Low,,Routine Security Event,Closed,SOC_ANALYST
2026-07-03 07:48:00,AL0657,High,,Routine Security Event,Closed,SOC_ANALYST
2026-07-03 10:23:00,AL0658,Medium,,Routine Security Event,Closed,SOC_ANALYST
2026-07-03 07:28:00,AL0659,Low,,Routine Security Event,Closed,SOC_ANALYST
2026-07-03 13:04:00,AL0660,Low,,Routine Security Event,Closed,SOC_ANALYST
2026-07-03 21:02:00,AL0661,High,,Routine Security Event,Closed,SOC_ANALYST
2026-07-03 12:15:00,AL0662,High,,Routine Security Event,Closed,SOC_ANALYST
2026-07-03 11:35:00,AL0663,Low,,Routine Security Event,Closed,SOC_ANALYST
2026-07-03 08:32:00,AL0664,Low,,Routine Security Event,Closed,SOC_ANALYST
2026-07-03 02:56:00,AL0665,Low,,Routine Security Event,Closed,SOC_ANALYST
2026-07-03 18:55:00,AL0666,High,,Routine Security Event,Closed,SOC_ANALYST
2026-07-03 12:11:00,AL0667,Medium,,Routine Security Event,Closed,SOC_ANALYST
2026-07-03 21:33:00,AL0668,High,,Routine Security Event,Closed,SOC_ANALYST
2026-07-03 21:57:00,AL0669,Medium,,Routine Security Event,Closed,SOC_ANALYST
2026-07-03 12:03:00,AL0670,High,,Routine Security Event,Closed,SOC_ANALYST
2026-07-03 04:35:00,AL0671,High,,Routine Security Event,Closed,SOC_ANALYST
2026-07-03 05:22:00,AL0672,High,,Routine Security Event,Closed,SOC_ANALYST
2026-07-03 14:01:00,AL0673,Low,,Routine Security Event,Closed,SOC_ANALYST
2026-07-03 16:37:00,AL0674,High,,Routine Security Event,Closed,SOC_ANALYST
2026-07-03 02:05:00,AL0675,High,,Routine Security Event,Closed,SOC_ANALYST
2026-07-03 00:03:00,AL0676,Low,,Routine Security Event,Closed,SOC_ANALYST
2026-07-03 00:54:00,AL0677,Low,,Routine Security Event,Closed,SOC_ANALYST
2026-07-03 17:25:00,AL0678,Low,,Routine Security Event,Closed,SOC_ANALYST
2026-07-03 04:05:00,AL0679,Low,,Routine Security Event,Closed,SOC_ANALYST
2026-07-03 14:56:00,AL0680,Medium,,Routine Security Event,Closed,SOC_ANALYST
2026-07-03 02:11:00,AL0681,Low,,Routine Security Event,Closed,SOC_ANALYST
2026-07-03 17:25:00,AL0682,Low,,Routine Security Event,Closed,SOC_ANALYST
2026-07-03 20:21:00,AL0683,Low,,Routine Security Event,Closed,SOC_ANALYST
2026-07-03 07:10:00,AL0684,High,,Routine Security Event,Closed,SOC_ANALYST
2026-07-03 14:32:00,AL0685,Low,,Routine Security Event,Closed,SOC_ANALYST
2026-07-03 01:20:00,AL0686,High,,Routine Security Event,Closed,SOC_ANALYST
2026-07-03 11:48:00,AL0687,Low,,Routine Security Event,Closed,SOC_ANALYST
2026-07-03 13:29:00,AL0688,Low,,Routine Security Event,Closed,SOC_ANALYST
2026-07-03 10:46:00,AL0689,Medium,,Routine Security Event,Closed,SOC_ANALYST
2026-07-03 00:46:00,AL0690,Low,,Routine Security Event,Closed,SOC_ANALYST
2026-07-03 18:34:00,AL0691,Medium,,Routine Security Event,Closed,SOC_ANALYST
2026-07-03 08:06:00,AL0692,Medium,,Routine Security Event,Closed,SOC_ANALYST
2026-07-03 08:50:00,AL0693,High,,Routine Security Event,Closed,SOC_ANALYST
2026-07-03 19:31:00,AL0694,Low,,Routine Security Event,Closed,SOC_ANALYST
2026-07-03 19:01:00,AL0695,High,,Routine Security Event,Closed,SOC_ANALYST
2026-07-03 12:37:00,AL0696,Low,,Routine Security Event,Closed,SOC_ANALYST
2026-07-03 00:53:00,AL0697,High,,Routine Security Event,Closed,SOC_ANALYST
2026-07-03 18:26:00,AL0698,High,,Routine Security Event,Closed,SOC_ANALYST
2026-07-03 18:19:00,AL0699,Medium,,Routine Security Event,Closed,SOC_ANALYST
2026-07-03 19:11:00,AL0700,High,,Routine Security Event,Closed,SOC_ANALYST
2026-07-03 03:42:00,AL0701,Medium,,Routine Security Event,Closed,SOC_ANALYST
2026-07-03 13:01:00,AL0702,Low,,Routine Security Event,Closed,SOC_ANALYST
2026-07-03 17:33:00,AL0703,High,,Routine Security Event,Closed,SOC_ANALYST
2026-07-03 19:44:00,AL0704,High,,Routine Security Event,Closed,SOC_ANALYST
2026-07-03 18:46:00,AL0705,Low,,Routine Security Event,Closed,SOC_ANALYST
2026-07-03 05:49:00,AL0706,High,,Routine Security Event,Closed,SOC_ANALYST
2026-07-03 20:40:00,AL0707,High,,Routine Security Event,Closed,SOC_ANALYST
2026-07-03 09:51:00,AL0708,Medium,,Routine Security Event,Closed,SOC_ANALYST
2026-07-03 02:14:00,AL0709,Low,,Routine Security Event,Closed,SOC_ANALYST
2026-07-03 09:03:00,AL0710,Medium,,Routine Security Event,Closed,SOC_ANALYST
2026-07-03 15:04:00,AL0711,High,,Routine Security Event,Closed,SOC_ANALYST
2026-07-03 14:39:00,AL0712,High,,Routine Security Event,Closed,SOC_ANALYST
2026-07-03 18:42:00,AL0713,High,,Routine Security Event,Closed,SOC_ANALYST
2026-07-03 23:59:00,AL0714,Medium,,Routine Security Event,Closed,SOC_ANALYST
2026-07-03 15:29:00,AL0715,High,,Routine Security Event,Closed,SOC_ANALYST
2026-07-03 22:28:00,AL0716,High,,Routine Security Event,Closed,SOC_ANALYST
2026-07-03 20:42:00,AL0717,Low,,Routine Security Event,Closed,SOC_ANALYST
2026-07-03 01:27:00,AL0718,Medium,,Routine Security Event,Closed,SOC_ANALYST
2026-07-03 22:03:00,AL0719,High,,Routine Security Event,Closed,SOC_ANALYST
2026-07-03 21:33:00,AL0720,Medium,,Routine Security Event,Closed,SOC_ANALYST
2026-07-03 00:48:00,AL0721,High,,Routine Security Event,Closed,SOC_ANALYST
2026-07-03 06:46:00,AL0722,Low,,Routine Security Event,Closed,SOC_ANALYST
2026-07-03 04:50:00,AL0723,Medium,,Routine Security Event,Closed,SOC_ANALYST
2026-07-03 03:12:00,AL0724,Low,,Routine Security Event,Closed,SOC_ANALYST
2026-07-03 09:41:00,AL0725,Low,,Routine Security Event,Closed,SOC_ANALYST
2026-07-03 12:17:00,AL0726,Low,,Routine Security Event,Closed,SOC_ANALYST
2026-07-03 00:48:00,AL0727,High,,Routine Security Event,Closed,SOC_ANALYST
2026-07-03 03:50:00,AL0728,High,,Routine Security Event,Closed,SOC_ANALYST
2026-07-03 16:58:00,AL0729,Low,,Routine Security Event,Closed,SOC_ANALYST
2026-07-03 20:29:00,AL0730,Low,,Routine Security Event,Closed,SOC_ANALYST
2026-07-03 07:43:00,AL0731,Medium,,Routine Security Event,Closed,SOC_ANALYST
2026-07-03 09:55:00,AL0732,Low,,Routine Security Event,Closed,SOC_ANALYST
2026-07-03 07:33:00,AL0733,Medium,,Routine Security Event,Closed,SOC_ANALYST
2026-07-03 06:51:00,AL0734,High,,Routine Security Event,Closed,SOC_ANALYST
2026-07-03 04:12:00,AL0735,Medium,,Routine Security Event,Closed,SOC_ANALYST
2026-07-03 23:06:00,AL0736,High,,Routine Security Event,Closed,SOC_ANALYST
2026-07-03 16:46:00,AL0737,Medium,,Routine Security Event,Closed,SOC_ANALYST
2026-07-03 01:43:00,AL0738,Medium,,Routine Security Event,Closed,SOC_ANALYST
2026-07-03 01:30:00,AL0739,Low,,Routine Security Event,Closed,SOC_ANALYST
2026-07-03 17:55:00,AL0740,Medium,,Routine Security Event,Closed,SOC_ANALYST
2026-07-03 09:07:00,AL0741,High,,Routine Security Event,Closed,SOC_ANALYST
2026-07-03 22:24:00,AL0742,High,,Routine Security Event,Closed,SOC_ANALYST
2026-07-03 21:32:00,AL0743,Low,,Routine Security Event,Closed,SOC_ANALYST
2026-07-03 22:20:00,AL0744,Low,,Routine Security Event,Closed,SOC_ANALYST
2026-07-03 18:36:00,AL0745,Medium,,Routine Security Event,Closed,SOC_ANALYST
2026-07-03 22:49:00,AL0746,Low,,Routine Security Event,Closed,SOC_ANALYST
2026-07-03 05:39:00,AL0747,Medium,,Routine Security Event,Closed,SOC_ANALYST
2026-07-03 07:15:00,AL0748,Medium,,Routine Security Event,Closed,SOC_ANALYST
2026-07-03 20:22:00,AL0749,Medium,,Routine Security Event,Closed,SOC_ANALYST
2026-07-03 01:44:00,AL0750,Low,,Routine Security Event,Closed,SOC_ANALYST
2026-07-03 20:39:00,AL0751,High,,Routine Security Event,Closed,SOC_ANALYST
2026-07-03 17:47:00,AL0752,Medium,,Routine Security Event,Closed,SOC_ANALYST
2026-07-03 20:04:00,AL0753,Medium,,Routine Security Event,Closed,SOC_ANALYST
2026-07-03 05:51:00,AL0754,Low,,Routine Security Event,Closed,SOC_ANALYST
2026-07-03 16:29:00,AL0755,Low,,Routine Security Event,Closed,SOC_ANALYST
2026-07-03 11:11:00,AL0756,Low,,Routine Security Event,Closed,SOC_ANALYST
2026-07-03 23:34:00,AL0757,High,,Routine Security Event,Closed,SOC_ANALYST
2026-07-03 13:57:00,AL0758,Low,,Routine Security Event,Closed,SOC_ANALYST
2026-07-03 21:53:00,AL0759,Medium,,Routine Security Event,Closed,SOC_ANALYST
2026-07-03 12:29:00,AL0760,Medium,,Routine Security Event,Closed,SOC_ANALYST
2026-07-03 03:10:00,AL0761,High,,Routine Security Event,Closed,SOC_ANALYST
2026-07-03 03:08:00,AL0762,Low,,Routine Security Event,Closed,SOC_ANALYST
2026-07-03 16:55:00,AL0763,Low,,Routine Security Event,Closed,SOC_ANALYST
2026-07-03 06:45:00,AL0764,Low,,Routine Security Event,Closed,SOC_ANALYST
2026-07-03 20:22:00,AL0765,High,,Routine Security Event,Closed,SOC_ANALYST
2026-07-03 09:51:00,AL0766,Medium,,Routine Security Event,Closed,SOC_ANALYST
2026-07-03 19:26:00,AL0767,Low,,Routine Security Event,Closed,SOC_ANALYST
2026-07-03 18:53:00,AL0768,High,,Routine Security Event,Closed,SOC_ANALYST
2026-07-03 13:04:00,AL0769,Low,,Routine Security Event,Closed,SOC_ANALYST
2026-07-03 19:27:00,AL0770,High,,Routine Security Event,Closed,SOC_ANALYST
2026-07-03 09:22:00,AL0771,Low,,Routine Security Event,Closed,SOC_ANALYST
2026-07-03 05:43:00,AL0772,Medium,,Routine Security Event,Closed,SOC_ANALYST
2026-07-03 01:58:00,AL0773,High,,Routine Security Event,Closed,SOC_ANALYST
2026-07-03 10:36:00,AL0774,Low,,Routine Security Event,Closed,SOC_ANALYST
2026-07-03 22:54:00,AL0775,Low,,Routine Security Event,Closed,SOC_ANALYST
2026-07-03 23:58:00,AL0776,Low,,Routine Security Event,Closed,SOC_ANALYST
2026-07-03 19:11:00,AL0777,Medium,,Routine Security Event,Closed,SOC_ANALYST
2026-07-03 13:12:00,AL0778,Low,,Routine Security Event,Closed,SOC_ANALYST
2026-07-03 03:55:00,AL0779,Low,,Routine Security Event,Closed,SOC_ANALYST
2026-07-03 19:58:00,AL0780,Low,,Routine Security Event,Closed,SOC_ANALYST
2026-07-03 04:23:00,AL0781,High,,Routine Security Event,Closed,SOC_ANALYST
2026-07-03 21:46:00,AL0782,Low,,Routine Security Event,Closed,SOC_ANALYST
2026-07-03 22:28:00,AL0783,Low,,Routine Security Event,Closed,SOC_ANALYST
2026-07-03 03:48:00,AL0784,Low,,Routine Security Event,Closed,SOC_ANALYST
2026-07-03 00:54:00,AL0785,High,,Routine Security Event,Closed,SOC_ANALYST
2026-07-03 00:17:00,AL0786,High,,Routine Security Event,Closed,SOC_ANALYST
2026-07-03 05:29:00,AL0787,Low,,Routine Security Event,Closed,SOC_ANALYST
2026-07-03 21:57:00,AL0788,High,,Routine Security Event,Closed,SOC_ANALYST
2026-07-03 08:51:00,AL0789,Medium,,Routine Security Event,Closed,SOC_ANALYST
2026-07-03 11:13:00,AL0790,Low,,Routine Security Event,Closed,SOC_ANALYST
2026-07-03 10:15:00,AL0791,Low,,Routine Security Event,Closed,SOC_ANALYST
2026-07-03 13:06:00,AL0792,Low,,Routine Security Event,Closed,SOC_ANALYST
2026-07-03 07:12:00,AL0793,Medium,,Routine Security Event,Closed,SOC_ANALYST
2026-07-03 05:04:00,AL0794,Medium,,Routine Security Event,Closed,SOC_ANALYST
2026-07-03 00:52:00,AL0795,Low,,Routine Security Event,Closed,SOC_ANALYST
2026-07-03 16:45:00,AL0796,High,,Routine Security Event,Closed,SOC_ANALYST
2026-07-03 18:24:00,AL0797,Medium,,Routine Security Event,Closed,SOC_ANALYST
2026-07-03 05:15:00,AL0798,High,,Routine Security Event,Closed,SOC_ANALYST
2026-07-03 12:55:00,AL0799,High,,Routine Security Event,Closed,SOC_ANALYST
2026-07-03 19:47:00,AL0800,High,,Routine Security Event,Closed,SOC_ANALYST
2026-07-03 19:22:00,AL0801,High,,Routine Security Event,Closed,SOC_ANALYST
2026-07-03 05:14:00,AL0802,High,,Routine Security Event,Closed,SOC_ANALYST
2026-07-03 09:51:00,AL0803,Low,,Routine Security Event,Closed,SOC_ANALYST
2026-07-03 00:38:00,AL0804,High,,Routine Security Event,Closed,SOC_ANALYST
2026-07-03 17:37:00,AL0805,Medium,,Routine Security Event,Closed,SOC_ANALYST
2026-07-03 05:00:00,AL0806,Medium,,Routine Security Event,Closed,SOC_ANALYST
2026-07-03 15:02:00,AL0807,High,,Routine Security Event,Closed,SOC_ANALYST
2026-07-03 15:29:00,AL0808,Medium,,Routine Security Event,Closed,SOC_ANALYST
2026-07-03 06:17:00,AL0809,Low,,Routine Security Event,Closed,SOC_ANALYST
2026-07-03 05:03:00,AL0810,High,,Routine Security Event,Closed,SOC_ANALYST
2026-07-03 08:02:00,AL0811,High,,Routine Security Event,Closed,SOC_ANALYST
2026-07-03 10:33:00,AL0812,High,,Routine Security Event,Closed,SOC_ANALYST
2026-07-03 09:07:00,AL0813,Low,,Routine Security Event,Closed,SOC_ANALYST
2026-07-03 09:04:00,AL0814,Medium,,Routine Security Event,Closed,SOC_ANALYST
2026-07-03 20:02:00,AL0815,High,,Routine Security Event,Closed,SOC_ANALYST
2026-07-03 23:40:00,AL0816,Medium,,Routine Security Event,Closed,SOC_ANALYST
2026-07-03 09:56:00,AL0817,Low,,Routine Security Event,Closed,SOC_ANALYST
2026-07-03 10:17:00,AL0818,Low,,Routine Security Event,Closed,SOC_ANALYST
2026-07-03 11:13:00,AL0819,High,,Routine Security Event,Closed,SOC_ANALYST
2026-07-03 17:20:00,AL0820,Medium,,Routine Security Event,Closed,SOC_ANALYST
2026-07-03 02:43:00,AL0821,Medium,,Routine Security Event,Closed,SOC_ANALYST
2026-07-03 08:06:00,AL0822,Medium,,Routine Security Event,Closed,SOC_ANALYST
2026-07-03 16:36:00,AL0823,Low,,Routine Security Event,Closed,SOC_ANALYST
2026-07-03 11:25:00,AL0824,Medium,,Routine Security Event,Closed,SOC_ANALYST
2026-07-03 15:57:00,AL0825,Low,,Routine Security Event,Closed,SOC_ANALYST
2026-07-03 18:57:00,AL0826,Medium,,Routine Security Event,Closed,SOC_ANALYST
2026-07-03 05:56:00,AL0827,High,,Routine Security Event,Closed,SOC_ANALYST
2026-07-03 23:28:00,AL0828,Medium,,Routine Security Event,Closed,SOC_ANALYST
2026-07-03 15:30:00,AL0829,High,,Routine Security Event,Closed,SOC_ANALYST
2026-07-03 11:58:00,AL0830,Medium,,Routine Security Event,Closed,SOC_ANALYST
2026-07-03 01:26:00,AL0831,Medium,,Routine Security Event,Closed,SOC_ANALYST
2026-07-03 17:25:00,AL0832,Low,,Routine Security Event,Closed,SOC_ANALYST
2026-07-03 02:17:00,AL0833,High,,Routine Security Event,Closed,SOC_ANALYST
2026-07-03 18:48:00,AL0834,Low,,Routine Security Event,Closed,SOC_ANALYST
2026-07-03 06:56:00,AL0835,Low,,Routine Security Event,Closed,SOC_ANALYST
2026-07-03 13:38:00,AL0836,High,,Routine Security Event,Closed,SOC_ANALYST
2026-07-03 03:35:00,AL0837,Low,,Routine Security Event,Closed,SOC_ANALYST
2026-07-03 01:15:00,AL0838,High,,Routine Security Event,Closed,SOC_ANALYST
2026-07-03 21:41:00,AL0839,High,,Routine Security Event,Closed,SOC_ANALYST
2026-07-03 21:19:00,AL0840,Low,,Routine Security Event,Closed,SOC_ANALYST
2026-07-03 07:09:00,AL0841,High,,Routine Security Event,Closed,SOC_ANALYST
2026-07-03 10:05:00,AL0842,Low,,Routine Security Event,Closed,SOC_ANALYST
2026-07-03 11:00:00,AL0843,High,,Routine Security Event,Closed,SOC_ANALYST
2026-07-03 12:48:00,AL0844,Medium,,Routine Security Event,Closed,SOC_ANALYST
2026-07-03 14:27:00,AL0845,Low,,Routine Security Event,Closed,SOC_ANALYST
2026-07-03 07:29:00,AL0846,Medium,,Routine Security Event,Closed,SOC_ANALYST
2026-07-03 09:31:00,AL0847,High,,Routine Security Event,Closed,SOC_ANALYST
2026-07-03 20:37:00,AL0848,Low,,Routine Security Event,Closed,SOC_ANALYST
2026-07-03 13:10:00,AL0849,Medium,,Routine Security Event,Closed,SOC_ANALYST
2026-07-03 07:49:00,AL0850,Low,,Routine Security Event,Closed,SOC_ANALYST
2026-07-03 14:33:00,AL0851,High,,Routine Security Event,Closed,SOC_ANALYST
2026-07-03 15:29:00,AL0852,Medium,,Routine Security Event,Closed,SOC_ANALYST
2026-07-03 09:39:00,AL0853,Low,,Routine Security Event,Closed,SOC_ANALYST
2026-07-03 07:58:00,AL0854,Low,,Routine Security Event,Closed,SOC_ANALYST
2026-07-03 21:04:00,AL0855,High,,Routine Security Event,Closed,SOC_ANALYST
2026-07-03 03:06:00,AL0856,Medium,,Routine Security Event,Closed,SOC_ANALYST
2026-07-03 15:15:00,AL0857,High,,Routine Security Event,Closed,SOC_ANALYST
2026-07-03 14:20:00,AL0858,Medium,,Routine Security Event,Closed,SOC_ANALYST
2026-07-03 18:48:00,AL0859,Medium,,Routine Security Event,Closed,SOC_ANALYST
2026-07-03 06:11:00,AL0860,High,,Routine Security Event,Closed,SOC_ANALYST
2026-07-03 08:32:00,AL0861,Low,,Routine Security Event,Closed,SOC_ANALYST
2026-07-03 11:25:00,AL0862,Low,,Routine Security Event,Closed,SOC_ANALYST
2026-07-03 18:23:00,AL0863,Medium,,Routine Security Event,Closed,SOC_ANALYST
2026-07-03 17:56:00,AL0864,Medium,,Routine Security Event,Closed,SOC_ANALYST
2026-07-03 10:57:00,AL0865,Medium,,Routine Security Event,Closed,SOC_ANALYST
2026-07-03 01:04:00,AL0866,Medium,,Routine Security Event,Closed,SOC_ANALYST
2026-07-03 20:02:00,AL0867,Low,,Routine Security Event,Closed,SOC_ANALYST
2026-07-03 01:09:00,AL0868,Low,,Routine Security Event,Closed,SOC_ANALYST
2026-07-03 22:59:00,AL0869,High,,Routine Security Event,Closed,SOC_ANALYST
2026-07-03 07:50:00,AL0870,Low,,Routine Security Event,Closed,SOC_ANALYST
2026-07-03 08:02:00,AL0871,Low,,Routine Security Event,Closed,SOC_ANALYST
2026-07-03 00:25:00,AL0872,Medium,,Routine Security Event,Closed,SOC_ANALYST
2026-07-03 07:22:00,AL0873,Medium,,Routine Security Event,Closed,SOC_ANALYST
2026-07-03 22:49:00,AL0874,High,,Routine Security Event,Closed,SOC_ANALYST
2026-07-03 22:47:00,AL0875,Medium,,Routine Security Event,Closed,SOC_ANALYST
2026-07-03 18:57:00,AL0876,High,,Routine Security Event,Closed,SOC_ANALYST
2026-07-03 17:24:00,AL0877,High,,Routine Security Event,Closed,SOC_ANALYST
2026-07-03 22:46:00,AL0878,Medium,,Routine Security Event,Closed,SOC_ANALYST
2026-07-03 19:40:00,AL0879,High,,Routine Security Event,Closed,SOC_ANALYST
2026-07-03 22:15:00,AL0880,Low,,Routine Security Event,Closed,SOC_ANALYST
2026-07-03 08:35:00,AL0881,High,,Routine Security Event,Closed,SOC_ANALYST
2026-07-03 18:50:00,AL0882,Medium,,Routine Security Event,Closed,SOC_ANALYST
2026-07-03 21:21:00,AL0883,High,,Routine Security Event,Closed,SOC_ANALYST
2026-07-03 06:39:00,AL0884,Medium,,Routine Security Event,Closed,SOC_ANALYST
2026-07-03 01:17:00,AL0885,Low,,Routine Security Event,Closed,SOC_ANALYST
2026-07-03 20:32:00,AL0886,Medium,,Routine Security Event,Closed,SOC_ANALYST
2026-07-03 12:31:00,AL0887,High,,Routine Security Event,Closed,SOC_ANALYST
2026-07-03 19:37:00,AL0888,Low,,Routine Security Event,Closed,SOC_ANALYST
2026-07-03 12:08:00,AL0889,Medium,,Routine Security Event,Closed,SOC_ANALYST
2026-07-03 21:20:00,AL0890,Low,,Routine Security Event,Closed,SOC_ANALYST
2026-07-03 20:07:00,AL0891,Low,,Routine Security Event,Closed,SOC_ANALYST
2026-07-03 06:45:00,AL0892,Low,,Routine Security Event,Closed,SOC_ANALYST
2026-07-03 19:56:00,AL0893,High,,Routine Security Event,Closed,SOC_ANALYST
2026-07-03 08:05:00,AL0894,High,,Routine Security Event,Closed,SOC_ANALYST
2026-07-03 00:19:00,AL0895,High,,Routine Security Event,Closed,SOC_ANALYST
2026-07-03 01:15:00,AL0896,High,,Routine Security Event,Closed,SOC_ANALYST
2026-07-03 22:45:00,AL0897,Low,,Routine Security Event,Closed,SOC_ANALYST
2026-07-03 11:04:00,AL0898,Medium,,Routine Security Event,Closed,SOC_ANALYST
2026-07-03 08:23:00,AL0899,Low,,Routine Security Event,Closed,SOC_ANALYST
2026-07-03 06:43:00,AL0900,High,,Routine Security Event,Closed,SOC_ANALYST
2026-07-03 15:01:00,AL0901,Medium,,Routine Security Event,Closed,SOC_ANALYST
2026-07-03 15:08:00,AL0902,High,,Routine Security Event,Closed,SOC_ANALYST
2026-07-03 23:04:00,AL0903,Medium,,Routine Security Event,Closed,SOC_ANALYST
2026-07-03 20:47:00,AL0904,Medium,,Routine Security Event,Closed,SOC_ANALYST
2026-07-03 21:18:00,AL0905,High,,Routine Security Event,Closed,SOC_ANALYST
2026-07-03 07:35:00,AL0906,Medium,,Routine Security Event,Closed,SOC_ANALYST
2026-07-03 23:40:00,AL0907,Medium,,Routine Security Event,Closed,SOC_ANALYST
2026-07-03 21:32:00,AL0908,High,,Routine Security Event,Closed,SOC_ANALYST
2026-07-03 22:58:00,AL0909,High,,Routine Security Event,Closed,SOC_ANALYST
2026-07-03 22:32:00,AL0910,Medium,,Routine Security Event,Closed,SOC_ANALYST
2026-07-03 06:31:00,AL0911,Medium,,Routine Security Event,Closed,SOC_ANALYST
2026-07-03 14:45:00,AL0912,Medium,,Routine Security Event,Closed,SOC_ANALYST
2026-07-03 02:21:00,AL0913,Medium,,Routine Security Event,Closed,SOC_ANALYST
2026-07-03 09:17:00,AL0914,High,,Routine Security Event,Closed,SOC_ANALYST
2026-07-03 00:03:00,AL0915,Medium,,Routine Security Event,Closed,SOC_ANALYST
2026-07-03 07:21:00,AL0916,Low,,Routine Security Event,Closed,SOC_ANALYST
2026-07-03 00:41:00,AL0917,Low,,Routine Security Event,Closed,SOC_ANALYST
2026-07-03 11:00:00,AL0918,Low,,Routine Security Event,Closed,SOC_ANALYST
2026-07-03 07:03:00,AL0919,High,,Routine Security Event,Closed,SOC_ANALYST
2026-07-03 15:20:00,AL0920,Low,,Routine Security Event,Closed,SOC_ANALYST
2026-07-03 15:27:00,AL0921,High,,Routine Security Event,Closed,SOC_ANALYST
2026-07-03 23:11:00,AL0922,High,,Routine Security Event,Closed,SOC_ANALYST
2026-07-03 17:33:00,AL0923,High,,Routine Security Event,Closed,SOC_ANALYST
2026-07-03 23:10:00,AL0924,Medium,,Routine Security Event,Closed,SOC_ANALYST
2026-07-03 11:47:00,AL0925,High,,Routine Security Event,Closed,SOC_ANALYST
2026-07-03 18:45:00,AL0926,Medium,,Routine Security Event,Closed,SOC_ANALYST
2026-07-03 16:00:00,AL0927,Medium,,Routine Security Event,Closed,SOC_ANALYST
2026-07-03 23:44:00,AL0928,Medium,,Routine Security Event,Closed,SOC_ANALYST
2026-07-03 04:47:00,AL0929,Low,,Routine Security Event,Closed,SOC_ANALYST
2026-07-03 06:07:00,AL0930,Low,,Routine Security Event,Closed,SOC_ANALYST
2026-07-03 07:37:00,AL0931,High,,Routine Security Event,Closed,SOC_ANALYST
2026-07-03 15:34:00,AL0932,Medium,,Routine Security Event,Closed,SOC_ANALYST
2026-07-03 17:30:00,AL0933,Low,,Routine Security Event,Closed,SOC_ANALYST
2026-07-03 15:49:00,AL0934,High,,Routine Security Event,Closed,SOC_ANALYST
2026-07-03 03:26:00,AL0935,High,,Routine Security Event,Closed,SOC_ANALYST
2026-07-03 01:16:00,AL0936,High,,Routine Security Event,Closed,SOC_ANALYST
2026-07-03 12:53:00,AL0937,Medium,,Routine Security Event,Closed,SOC_ANALYST
2026-07-03 19:04:00,AL0938,Medium,,Routine Security Event,Closed,SOC_ANALYST
2026-07-03 00:05:00,AL0939,Low,,Routine Security Event,Closed,SOC_ANALYST
2026-07-03 10:25:00,AL0940,Low,,Routine Security Event,Closed,SOC_ANALYST
2026-07-03 16:30:00,AL0941,Medium,,Routine Security Event,Closed,SOC_ANALYST
2026-07-03 15:19:00,AL0942,Medium,,Routine Security Event,Closed,SOC_ANALYST
2026-07-03 10:16:00,AL0943,Medium,,Routine Security Event,Closed,SOC_ANALYST
2026-07-03 10:29:00,AL0944,Medium,,Routine Security Event,Closed,SOC_ANALYST
2026-07-03 15:34:00,AL0945,Medium,,Routine Security Event,Closed,SOC_ANALYST
2026-07-03 03:32:00,AL0946,Medium,,Routine Security Event,Closed,SOC_ANALYST
2026-07-03 06:08:00,AL0947,Low,,Routine Security Event,Closed,SOC_ANALYST
2026-07-03 12:05:00,AL0948,High,,Routine Security Event,Closed,SOC_ANALYST
2026-07-03 21:20:00,AL0949,Medium,,Routine Security Event,Closed,SOC_ANALYST
2026-07-03 23:41:00,AL0950,High,,Routine Security Event,Closed,SOC_ANALYST
2026-07-03 17:32:00,AL0951,High,,Routine Security Event,Closed,SOC_ANALYST
2026-07-03 06:58:00,AL0952,Low,,Routine Security Event,Closed,SOC_ANALYST
2026-07-03 05:03:00,AL0953,High,,Routine Security Event,Closed,SOC_ANALYST
2026-07-03 03:45:00,AL0954,High,,Routine Security Event,Closed,SOC_ANALYST
2026-07-03 03:55:00,AL0955,Medium,,Routine Security Event,Closed,SOC_ANALYST
2026-07-03 00:44:00,AL0956,Medium,,Routine Security Event,Closed,SOC_ANALYST
2026-07-03 05:37:00,AL0957,Medium,,Routine Security Event,Closed,SOC_ANALYST
2026-07-03 09:35:00,AL0958,Low,,Routine Security Event,Closed,SOC_ANALYST
2026-07-03 12:32:00,AL0959,Low,,Routine Security Event,Closed,SOC_ANALYST
2026-07-03 03:22:00,AL0960,Low,,Routine Security Event,Closed,SOC_ANALYST
2026-07-03 20:57:00,AL0961,High,,Routine Security Event,Closed,SOC_ANALYST
2026-07-03 14:07:00,AL0962,High,,Routine Security Event,Closed,SOC_ANALYST
2026-07-03 09:21:00,AL0963,Medium,,Routine Security Event,Closed,SOC_ANALYST
2026-07-03 19:39:00,AL0964,Low,,Routine Security Event,Closed,SOC_ANALYST
2026-07-03 23:18:00,AL0965,High,,Routine Security Event,Closed,SOC_ANALYST
2026-07-03 11:13:00,AL0966,Medium,,Routine Security Event,Closed,SOC_ANALYST
2026-07-03 22:28:00,AL0967,Medium,,Routine Security Event,Closed,SOC_ANALYST
2026-07-03 22:39:00,AL0968,High,,Routine Security Event,Closed,SOC_ANALYST
2026-07-03 05:45:00,AL0969,Medium,,Routine Security Event,Closed,SOC_ANALYST
2026-07-03 21:00:00,AL0970,Medium,,Routine Security Event,Closed,SOC_ANALYST
2026-07-03 21:20:00,AL0971,Medium,,Routine Security Event,Closed,SOC_ANALYST
2026-07-03 11:59:00,AL0972,High,,Routine Security Event,Closed,SOC_ANALYST
2026-07-03 01:36:00,AL0973,Low,,Routine Security Event,Closed,SOC_ANALYST
2026-07-03 23:17:00,AL0974,High,,Routine Security Event,Closed,SOC_ANALYST
2026-07-03 21:55:00,AL0975,Medium,,Routine Security Event,Closed,SOC_ANALYST
2026-07-03 22:11:00,AL0976,High,,Routine Security Event,Closed,SOC_ANALYST
2026-07-03 06:30:00,AL0977,Low,,Routine Security Event,Closed,SOC_ANALYST
2026-07-03 01:18:00,AL0978,Low,,Routine Security Event,Closed,SOC_ANALYST
2026-07-03 15:15:00,AL0979,Medium,,Routine Security Event,Closed,SOC_ANALYST
2026-07-03 21:15:00,AL0980,Low,,Routine Security Event,Closed,SOC_ANALYST
2026-07-03 08:00:00,AL0981,Medium,,Routine Security Event,Closed,SOC_ANALYST
2026-07-03 14:32:00,AL0982,Medium,,Routine Security Event,Closed,SOC_ANALYST
2026-07-03 23:07:00,AL0983,Low,,Routine Security Event,Closed,SOC_ANALYST
2026-07-03 00:43:00,AL0984,Medium,,Routine Security Event,Closed,SOC_ANALYST
2026-07-03 11:27:00,AL0985,High,,Routine Security Event,Closed,SOC_ANALYST
2026-07-03 22:19:00,AL0986,Low,,Routine Security Event,Closed,SOC_ANALYST
2026-07-03 06:08:00,AL0987,Low,,Routine Security Event,Closed,SOC_ANALYST
2026-07-03 10:31:00,AL0988,Low,,Routine Security Event,Closed,SOC_ANALYST
2026-07-03 14:50:00,AL0989,High,,Routine Security Event,Closed,SOC_ANALYST
2026-07-03 04:28:00,AL0990,Medium,,Routine Security Event,Closed,SOC_ANALYST
2026-07-03 16:48:00,AL0991,High,,Routine Security Event,Closed,SOC_ANALYST
2026-07-03 06:15:00,AL0992,Medium,,Routine Security Event,Closed,SOC_ANALYST
2026-07-03 12:52:00,AL0993,Medium,,Routine Security Event,Closed,SOC_ANALYST
2026-07-03 13:00:00,AL0994,Medium,,Routine Security Event,Closed,SOC_ANALYST
2026-07-03 13:59:00,AL0995,Medium,,Routine Security Event,Closed,SOC_ANALYST
2026-07-03 18:58:00,AL0996,Low,,Routine Security Event,Closed,SOC_ANALYST
2026-07-03 11:29:00,AL0997,High,,Routine Security Event,Closed,SOC_ANALYST
2026-07-03 18:27:00,AL0998,Medium,,Routine Security Event,Closed,SOC_ANALYST
2026-07-03 14:05:00,AL0999,Low,,Routine Security Event,Closed,SOC_ANALYST
2026-07-03 19:18:00,AL1000,High,,Routine Security Event,Closed,SOC_ANALYST
2026-07-03 08:06:00,AL9001,High,,Inactive account login detected,Open,SOC_ANALYST
2026-07-03 08:07:00,AL9002,Critical,T1046,Network scanning detected,Open,SOC_ANALYST
2026-07-03 08:15:00,AL9003,Critical,T1486,Possible ransomware activity,Open,SOC_ANALYST
